building_id,site_id,building_id_kaggle,site_id_kaggle,primaryspaceusage,sub_primaryspaceusage,sqm,sqft,lat,lng,timezone,electricity,hotwater,chilledwater,steam,water,irrigation,solar,gas,industry,subindustry,heatingtype,yearbuilt,date_opened,numberoffloors,occupants,energystarscore,eui,site_eui,source_eui,leed_level,rating
Panther_lodging_Dean,Panther,,0,Lodging/residential,Residence Hall,508.8,5477,28.5176885788321,-81.3790388,US/Eastern,,,,,,Yes,,Yes,,,,1989,,,,,271,,,None,
Panther_lodging_Shelia,Panther,,0,Lodging/residential,Residence Hall,929,10000,28.5176885788321,-81.3790388,US/Eastern,,,,,,Yes,,,,,,1992,,,,,62,,,None,
Panther_lodging_Ricky,Panther,,0,Lodging/residential,Residence Hall,483.1,5200,28.5176885788321,-81.3790388,US/Eastern,,,,,,Yes,,Yes,,,,2016,,,,,534,,,None,
Panther_education_Rosalie,Panther,0,0,Education,Research,690.5,7432,28.5176885788321,-81.3790388,US/Eastern,Yes,,,,Yes,,,,,,,2008,,,,,276,,,None,
Panther_education_Misty,Panther,1,0,Education,Research,252.7,2720,28.5176885788321,-81.3790388,US/Eastern,Yes,,,,Yes,,,,,,,2004,,,,,375,,,None,
Panther_office_Daina,Panther,,0,Office,Office,133.8,1440,28.5176885788321,-81.3790388,US/Eastern,,,,,Yes,Yes,,,,,,1983,,,,,1983,,,None,
Panther_education_Mattie,Panther,2,0,Education,Classroom,499.4,5376,28.5176885788321,-81.3790388,US/Eastern,Yes,,,,Yes,,,,,,,1991,,,,,49,,,None,
Panther_office_Woodrow,Panther,,0,Office,Office,537.8,5789,28.5176885788321,-81.3790388,US/Eastern,,,,,Yes,Yes,,,,,,1996,,,,,136,,,None,
Panther_education_Diann,Panther,3,0,Education,Classroom,2200.4,23685,28.5176885788321,-81.3790388,US/Eastern,Yes,,,,Yes,,,,,,,2002,,,,,145,,,None,
Panther_education_Gina,Panther,4,0,Education,Research,10833.1,116607,28.5176885788321,-81.3790388,US/Eastern,Yes,,,,Yes,,,Yes,,,,1975,,,,,546,,,None,
Panther_education_Tina,Panther,5,0,Education,Research,743.2,8000,28.5176885788321,-81.3790388,US/Eastern,Yes,,,,Yes,,,,,,,2000,,,,,41,,,None,
Panther_lodging_Russell,Panther,6,0,Lodging/residential,Residence Hall,2594.4,27926,28.5176885788321,-81.3790388,US/Eastern,Yes,,,,Yes,,,,,,,1981,,,,,58,,,None,
Panther_education_Guillermina,Panther,,0,Education,Classroom,2064.3,22220,28.5176885788321,-81.3790388,US/Eastern,,,,,Yes,,,,,,,2002,,,,,80,,,None,
Panther_lodging_Amos,Panther,,0,Lodging/residential,Residence Hall,1337.2,14393,28.5176885788321,-81.3790388,US/Eastern,,,,,Yes,,,Yes,,,,1997,,,,,19,,,None,
Panther_education_Vincent,Panther,7,0,Education,Classroom,11248.1,121074,28.5176885788321,-81.3790388,US/Eastern,Yes,,Yes,,Yes,,,,,,,1989,,,,,128,,,None,
Panther_education_Shelton,Panther,8,0,Education,Classroom,5649.3,60809,28.5176885788321,-81.3790388,US/Eastern,Yes,,,,,,,,,,,2003,,,,,133,,,None,
Panther_office_Karla,Panther,9,0,Office,Office,2508.4,27000,28.5176885788321,-81.3790388,US/Eastern,Yes,,Yes,,Yes,,,,,,,2010,,,,,120,,,Gold,
Panther_assembly_Denice,Panther,10,0,Entertainment/public assembly,Stadium,34445.9,370773,28.5176885788321,-81.3790388,US/Eastern,Yes,,,,Yes,,,,,,,1991,,,,,134,,,None,
Panther_education_Sophia,Panther,11,0,Education,Research,4559,49073,28.5176885788321,-81.3790388,US/Eastern,Yes,,,,Yes,,,Yes,,,,1968,,,,,466,,,None,
Panther_lodging_Bonnie,Panther,,0,Lodging/residential,"Residence Hall	",1290.4,13890,28.5176885788321,-81.3790388,US/Eastern,,,,,Yes,Yes,,,,,,2013,,,,,51,,,Gold,
Panther_lodging_Willa,Panther,12,0,Lodging/residential,Residence Hall,3446.7,37100,28.5176885788321,-81.3790388,US/Eastern,Yes,,,,Yes,,,,,,,1999,,,,,162,,,None,
Panther_education_Annetta,Panther,13,0,Education,Classroom,9232.7,99380,28.5176885788321,-81.3790388,US/Eastern,Yes,,Yes,,Yes,,,,,,,2000,,,,,95,,,None,
Panther_education_Aurora,Panther,14,0,Education,Classroom,8012.9,86250,28.5176885788321,-81.3790388,US/Eastern,Yes,,Yes,,Yes,Yes,,,,,,2013,,,,,136,,,Gold,
Panther_office_Graham,Panther,15,0,Office,Office,7799.9,83957,28.5176885788321,-81.3790388,US/Eastern,Yes,,Yes,,Yes,,,Yes,,,,1974,,,,,104,,,None,
Panther_education_Karri,Panther,16,0,Education,Classroom,5076.6,54644,28.5176885788321,-81.3790388,US/Eastern,Yes,,,,,Yes,,,,,,1996,,,,,436,,,None,
Panther_office_Valarie,Panther,17,0,Office,Office,1416.8,15250,28.5176885788321,-81.3790388,US/Eastern,Yes,,,,,Yes,,,,,,1980,,,,,204,,,None,
Panther_education_Richard,Panther,,0,Education,Classroom,534.3,5751,28.5176885788321,-81.3790388,US/Eastern,,,,,,Yes,,,,,,1976,,,,,65,,,None,
Panther_education_Hugh,Panther,18,0,Education,Research,10395,111891,28.5176885788321,-81.3790388,US/Eastern,Yes,,,,Yes,,,Yes,,,,1996,,,,,495,,,None,
Panther_lodging_Arlene,Panther,,0,Lodging/residential,Residence Hall,879.8,9470,28.5176885788321,-81.3790388,US/Eastern,,,,,,Yes,,,,,,1988,,,,,171,,,None,
Panther_office_Larry,Panther,19,0,Office,Office,1738.9,18717,28.5176885788321,-81.3790388,US/Eastern,Yes,,,,Yes,Yes,,,,,,2004,,,,,173,,,None,
Panther_education_Lacey,Panther,,0,Education,Classroom,337,3627,28.5176885788321,-81.3790388,US/Eastern,,,,,,Yes,,,,,,1995,,,,,110,,,None,
Panther_education_Mohammad,Panther,20,0,Education,Classroom,10244.6,110272,28.5176885788321,-81.3790388,US/Eastern,Yes,,,,Yes,,,Yes,,,,1977,,,,,199,,,None,
Panther_office_Jeane,Panther,21,0,Office,Office,654.3,7043,28.5176885788321,-81.3790388,US/Eastern,Yes,,,,,,,,,,,1990,,,,,86,,,None,
Panther_education_Jonathan,Panther,22,0,Education,Research,331.6,3569,28.5176885788321,-81.3790388,US/Eastern,Yes,,,,,,,,,,,1996,,,,,66,,,None,
Panther_education_Genevieve,Panther,23,0,Education,Classroom,12159.6,130885,28.5176885788321,-81.3790388,US/Eastern,Yes,,,,Yes,,,,,,,1985,,,,,151,,,None,
Panther_education_Alecia,Panther,24,0,Education,Classroom,9805.4,105545,28.5176885788321,-81.3790388,US/Eastern,Yes,,,,Yes,,,Yes,,,,2001,,,,,186,,,None,
Panther_office_Jesus,Panther,25,0,Office,Office,9595.6,103286,28.5176885788321,-81.3790388,US/Eastern,Yes,,,,,,,,,,,1969,,,,,28,,,None,
Panther_office_Catherine,Panther,26,0,Office,Office,2504,26953,28.5176885788321,-81.3790388,US/Eastern,Yes,,,,Yes,Yes,,,,,,2005,,,,,162,,,Gold,
Panther_lodging_Awilda,Panther,27,0,Lodging/residential,Residence Hall,5499.9,59200,28.5176885788321,-81.3790388,US/Eastern,Yes,,,,Yes,,,,,,,1999,,,,,125,,,None,
Panther_lodging_Aaron,Panther,,0,Lodging/residential,Residence Hall,526,5662,28.5176885788321,-81.3790388,US/Eastern,,,,,Yes,Yes,,,,,,2013,,,,,70,,,Silver,
Panther_office_Garth,Panther,28,0,Office,Office,4919.9,52957,28.5176885788321,-81.3790388,US/Eastern,Yes,,Yes,,,,,,,,,2016,,,,,73,,,Gold,
Panther_education_Quintin,Panther,29,0,Education,Classroom,10578.5,113866,28.5176885788321,-81.3790388,US/Eastern,Yes,,Yes,,Yes,,,,,,,2006,,,,,212,,,None,
Panther_education_Teofila,Panther,30,0,Education,Classroom,8723.3,93897,28.5176885788321,-81.3790388,US/Eastern,Yes,,Yes,,Yes,,,Yes,,,,1999,,,,,146,,,None,
Panther_education_Ivan,Panther,31,0,Education,Classroom,5751.1,61904,28.5176885788321,-81.3790388,US/Eastern,Yes,,Yes,,Yes,,,Yes,,,,2001,,,,,202,,,None,
Panther_office_Shauna,Panther,32,0,Office,Office,4495.8,48392,28.5176885788321,-81.3790388,US/Eastern,Yes,,,,Yes,,,Yes,,,,2005,,,,,165,,,None,
Panther_lodging_Hattie,Panther,33,0,Lodging/residential,Residence Hall,3594,38686,28.5176885788321,-81.3790388,US/Eastern,Yes,,,,Yes,,,Yes,,,,2002,,,,,325,,,None,
Panther_lodging_Jana,Panther,34,0,Lodging/residential,Residence Hall,3969.8,42731,28.5176885788321,-81.3790388,US/Eastern,Yes,,,,Yes,,,,,,,2002,,,,,70,,,None,
Panther_lodging_Teresita,Panther,35,0,Lodging/residential,Residence Hall,3866.3,41617,28.5176885788321,-81.3790388,US/Eastern,Yes,,,,Yes,,,,,,,2002,,,,,61,,,None,
Panther_lodging_Cornelia,Panther,36,0,Lodging/residential,Residence Hall,4935.9,53130,28.5176885788321,-81.3790388,US/Eastern,Yes,,,,Yes,,,,,,,2002,,,,,35,,,None,
Panther_lodging_Tracie,Panther,37,0,Lodging/residential,Residence Hall,4935.9,53130,28.5176885788321,-81.3790388,US/Eastern,Yes,,,,Yes,,,,,,,2002,,,,,43,,,None,
Panther_office_Bryce,Panther,,0,Office,Office,620.1,6675,28.5176885788321,-81.3790388,US/Eastern,,,,,Yes,,,,,,,1998,,,,,8,,,None,
Panther_office_Lois,Panther,38,0,Office,Office,1186.3,12769,28.5176885788321,-81.3790388,US/Eastern,Yes,,,,Yes,,,,,,,2013,,,,,368,,,None,
Panther_office_Taryn,Panther,39,0,Office,Office,6003.3,64619,28.5176885788321,-81.3790388,US/Eastern,Yes,,,,,,,Yes,,,,1969,,,,,118,,,None,
Panther_assembly_David,Panther,40,0,Entertainment/public assembly,Stadium,2503.2,26944,28.5176885788321,-81.3790388,US/Eastern,Yes,,,,Yes,,,,,,,2001,,,,,113,,,None,
Panther_office_Kristen,Panther,41,0,Office,Office,8719.9,93860,28.5176885788321,-81.3790388,US/Eastern,Yes,,,,Yes,Yes,,Yes,,,,1968,,,,,562,,,None,
Panther_other_Lucina,Panther,42,0,Other,Other,21043.1,226506,28.5176885788321,-81.3790388,US/Eastern,Yes,,,,Yes,,,Yes,,,,1968,,,,,176,,,None,
Panther_retail_Kristina,Panther,43,0,Retail,Retail,5487.9,59071,28.5176885788321,-81.3790388,US/Eastern,Yes,,Yes,,,,,Yes,,,,1980,,,,,125,,,None,
Panther_lodging_Heather,Panther,,0,Lodging/residential,Residence Hall,1070.1,11518,28.5176885788321,-81.3790388,US/Eastern,,,,,Yes,Yes,,,,,,1991,,,,,68,,,None,
Panther_lodging_Otis,Panther,,0,Lodging/residential,Residence Hall,461.6,4969,28.5176885788321,-81.3790388,US/Eastern,,,,,,Yes,,,,,,1989,,,,,353,,,None,
Panther_lodging_Jacquelyn,Panther,,0,Lodging/residential,Residence Hall,1290.4,13890,28.5176885788321,-81.3790388,US/Eastern,,,,,Yes,Yes,,,,,,2013,,,,,54,,,Gold,
Panther_lodging_Juliet,Panther,,0,Lodging/residential,Residence Hall,557.4,6000,28.5176885788321,-81.3790388,US/Eastern,,,,,Yes,Yes,,,,,,1993,,,,,75,,,None,
Panther_retail_Rachel,Panther,44,0,Retail,Retail,26.3,283,28.5176885788321,-81.3790388,US/Eastern,Yes,,,,,,,,,,,1985,,,,,352,,,None,
Panther_retail_Gilbert,Panther,45,0,Retail,Retail,1421.8,15304,28.5176885788321,-81.3790388,US/Eastern,Yes,,,,,,,,,,,2016,,,,,2,,,None,
Panther_retail_Lester,Panther,46,0,Retail,Retail,840.3,9045,28.5176885788321,-81.3790388,US/Eastern,Yes,,,,,,,,,,,2016,,,,,167,,,None,
Panther_retail_Felix,Panther,47,0,Retail,Retail,2941.9,31666,28.5176885788321,-81.3790388,US/Eastern,Yes,,,,Yes,,,,,,,2008,,,,,160,,,None,
Panther_other_Tyrone,Panther,48,0,Other,Other,889,9569,28.5176885788321,-81.3790388,US/Eastern,Yes,,,,Yes,,,Yes,,,,1989,,,,,85,,,Gold,
Panther_lodging_Carroll,Panther,,0,Lodging/residential,Residence Hall,1361.2,14652,28.5176885788321,-81.3790388,US/Eastern,,,,,Yes,,,,,,,1994,,,,,548,,,None,
Panther_lodging_Paulette,Panther,,0,Lodging/residential,Residence Hall,351.9,3788,28.5176885788321,-81.3790388,US/Eastern,,,,,,Yes,,,,,,1994,,,,,"1,515",,,None,
Panther_lodging_Alyssa,Panther,,0,Lodging/residential,Residence Hall,1361.2,14652,28.5176885788321,-81.3790388,US/Eastern,,,,,Yes,,,,,,,1994,,,,,3,,,None,
Panther_other_Iva,Panther,,0,Other,Other,255.5,2750,28.5176885788321,-81.3790388,US/Eastern,,,,,Yes,Yes,,,,,,2011,,,,,983,,,None,
Panther_lodging_Myrtle,Panther,49,0,Lodging/residential,Residence Hall,2272,24456,28.5176885788321,-81.3790388,US/Eastern,Yes,,,,Yes,,,,,,,1968,,,,,204,,,None,
Panther_other_Luis,Panther,,0,Other,Other,494.8,5326,28.5176885788321,-81.3790388,US/Eastern,,,,,Yes,,,,,,,2005,,,,,208,,,None,
Panther_other_Bettie,Panther,50,0,Other,Other,436.5,4698,28.5176885788321,-81.3790388,US/Eastern,Yes,,Yes,,Yes,,,Yes,,,,1981,,,,,"2,544",,,None,
Panther_parking_Asia,Panther,51,0,Parking,Parking Garage,36012.7,387638,28.5176885788321,-81.3790388,US/Eastern,Yes,,,,Yes,Yes,,,,,,2014,,,,,3,,,None,
Panther_education_Edna,Panther,52,0,Education,Classroom,9896.3,106523,28.5176885788321,-81.3790388,US/Eastern,Yes,,,,Yes,,,Yes,,,,1970,,,,,168,,,None,
Panther_office_Otto,Panther,53,0,Office,Office,8151.5,87742,28.5176885788321,-81.3790388,US/Eastern,Yes,,,,,,,,,,,1971,,,,,184,,,None,
Panther_education_Violet,Panther,54,0,Education,Research,730.9,7867,28.5176885788321,-81.3790388,US/Eastern,Yes,,,,Yes,,,,,,,2011,,,,,575,,,None,
Panther_office_Christian,Panther,55,0,Office,Office,1553.9,16726,28.5176885788321,-81.3790388,US/Eastern,Yes,,Yes,,Yes,,,,,,,2011,,,,,177,,,Gold,
Panther_lodging_Alita,Panther,56,0,Lodging/residential,"Residence Hall	",5582.4,60088,28.5176885788321,-81.3790388,US/Eastern,Yes,,,,Yes,,,Yes,,,,2013,,,,,63,,,Silver,
Panther_lodging_Edison,Panther,57,0,Lodging/residential,Residence Hall,6072,65359,28.5176885788321,-81.3790388,US/Eastern,Yes,,,,Yes,,,Yes,,,,2013,,,,,75,,,None,
Panther_lodging_Sonja,Panther,58,0,Lodging/residential,Residence Hall,7746.2,83379,28.5176885788321,-81.3790388,US/Eastern,Yes,,,,Yes,,,Yes,,,,2013,,,,,65,,,None,
Panther_assembly_Pamella,Panther,59,0,Entertainment/public assembly,Stadium,7556.5,81337,28.5176885788321,-81.3790388,US/Eastern,Yes,,,,Yes,,,,,,,2005,,,,,18,,,None,
Panther_education_Neal,Panther,60,0,Education,Classroom,7578.7,81576,28.5176885788321,-81.3790388,US/Eastern,Yes,,Yes,,Yes,,,,,,,1997,,,,,181,,,None,
Panther_lodging_Blaine,Panther,61,0,Lodging/residential,Residence Hall,3594,38686,28.5176885788321,-81.3790388,US/Eastern,Yes,,,,Yes,,,Yes,,,,2001,,,,,299,,,None,
Panther_lodging_Floyd,Panther,62,0,Lodging/residential,Residence Hall,3969.8,42731,28.5176885788321,-81.3790388,US/Eastern,Yes,,,,Yes,,,,,,,2001,,,,,116,,,None,
Panther_lodging_Jorge,Panther,63,0,Lodging/residential,Residence Hall,3866.3,41617,28.5176885788321,-81.3790388,US/Eastern,Yes,,,,Yes,,,,,,,2001,,,,,61,,,None,
Panther_lodging_Edmond,Panther,64,0,Lodging/residential,Residence Hall,4935.9,53130,28.5176885788321,-81.3790388,US/Eastern,Yes,,,,Yes,,,,,,,2001,,,,,38,,,None,
Panther_lodging_Kaitlin,Panther,65,0,Lodging/residential,Residence Hall,4935.9,53130,28.5176885788321,-81.3790388,US/Eastern,Yes,,,,Yes,,,,,,,2001,,,,,39,,,None,
Panther_office_Gino,Panther,,0,Office,Office,78,840,28.5176885788321,-81.3790388,US/Eastern,,,,,Yes,,,,,,,2000,,,,,7,,,None,
Panther_lodging_Fausto,Panther,66,0,Lodging/residential,Residence Hall,3459.8,37241,28.5176885788321,-81.3790388,US/Eastern,Yes,,,,Yes,,,,,,,1981,,,,,76,,,None,
Panther_lodging_Janice,Panther,67,0,Lodging/residential,Residence Hall,2272,24456,28.5176885788321,-81.3790388,US/Eastern,Yes,,,,Yes,Yes,,,,,,1968,,,,,293,,,None,
Panther_parking_Charlene,Panther,68,0,Parking,Parking Garage,45284,487433,28.5176885788321,-81.3790388,US/Eastern,Yes,,,,Yes,,,,,,,2007,,,,,3,,,None,
Panther_parking_Jody,Panther,69,0,Parking,Parking Garage,36012.7,387638,28.5176885788321,-81.3790388,US/Eastern,Yes,,,,,Yes,,,,,,2000,,,,,9,,,None,
Panther_parking_Mellissa,Panther,70,0,Parking,Parking Garage,36012.7,387638,28.5176885788321,-81.3790388,US/Eastern,Yes,,,,,,,,,,,2007,,,,,1,,,None,
Panther_parking_Clarence,Panther,,0,Parking,Parking Garage,37179.8,400200,28.5176885788321,-81.3790388,US/Eastern,,,,,Yes,Yes,,,,,,2011,,,,,8,,,None,
Panther_parking_Stanley,Panther,71,0,Parking,Parking Garage,36012.7,387638,28.5176885788321,-81.3790388,US/Eastern,Yes,,,,Yes,Yes,,,,,,1998,,,,,5,,,None,
Panther_parking_Adela,Panther,72,0,Parking,Parking Garage,36012.7,387638,28.5176885788321,-81.3790388,US/Eastern,Yes,,,,Yes,Yes,,,,,,2002,,,,,11,,,None,
Panther_parking_Lorriane,Panther,73,0,Parking,Parking Garage,36012.7,387638,28.5176885788321,-81.3790388,US/Eastern,Yes,,,,,Yes,,,,,,2008,,,,,8,,,None,
Panther_parking_Alaina,Panther,74,0,Parking,Parking Garage,36012.7,387638,28.5176885788321,-81.3790388,US/Eastern,Yes,,,,,,,,,,,1997,,,,,3,,,None,
Panther_education_Zelda,Panther,75,0,Education,Classroom,7519.8,80942,28.5176885788321,-81.3790388,US/Eastern,Yes,,Yes,,Yes,,,,,,,2010,,,,,92,,,Gold,
Panther_education_Jerome,Panther,76,0,Education,Research,11974,128887,28.5176885788321,-81.3790388,US/Eastern,Yes,,Yes,,Yes,,,Yes,,,,2009,,,,,515,,,Gold,
Panther_lodging_Drew,Panther,,0,Lodging/residential,Residence Hall,785,8450,28.5176885788321,-81.3790388,US/Eastern,,,,,,Yes,,,,,,1988,,,,,370,,,None,
Panther_lodging_Anastasia,Panther,77,0,Lodging/residential,Residence Hall,2272,24456,28.5176885788321,-81.3790388,US/Eastern,Yes,,,,Yes,,,Yes,,,,1968,,,,,247,,,None,
Panther_retail_Jeanette,Panther,,0,Retail,Retail,1162.7,12515,28.5176885788321,-81.3790388,US/Eastern,,,,,Yes,,,,,,,1976,,,,,4,,,None,
Panther_education_Enriqueta,Panther,78,0,Education,Classroom,7084.5,76257,28.5176885788321,-81.3790388,US/Eastern,Yes,,Yes,,,,,,,,,2007,,,,,90,,,None,
Panther_office_Lauretta,Panther,79,0,Office,Office,3366.8,36240,28.5176885788321,-81.3790388,US/Eastern,Yes,,,,Yes,,,Yes,,,,2010,,,,,178,,,Gold,
Panther_office_Patti,Panther,80,0,Office,Office,14503.2,156111,28.5176885788321,-81.3790388,US/Eastern,Yes,,,,Yes,,,Yes,,,,2001,,,,,124,,,Gold,
Panther_other_Ismael,Panther,,0,Other,Other,364,3918,28.5176885788321,-81.3790388,US/Eastern,,,,,Yes,,,,,,,2008,,,,,18,,,None,
Panther_other_Bethel,Panther,81,0,Other,Other,281,3025,28.5176885788321,-81.3790388,US/Eastern,Yes,,,,Yes,Yes,,,,,,1979,,,,,"1,284",,,None,
Panther_office_Brent,Panther,82,0,Office,Office,998.1,10743,28.5176885788321,-81.3790388,US/Eastern,Yes,,Yes,,,,,,,,,1974,,,,,100,,,None,
Panther_other_Lula,Panther,83,0,Other,Other,192.3,2070,28.5176885788321,-81.3790388,US/Eastern,Yes,,,,Yes,,,,,,,1996,,,,,21,,,None,
Panther_office_Hannah,Panther,84,0,Office,Office,375.1,4038,28.5176885788321,-81.3790388,US/Eastern,Yes,,,,Yes,,,,,,,1986,,,,,64,,,None,
Panther_lodging_Else,Panther,85,0,Lodging/residential,Residence Hall,3459.8,37241,28.5176885788321,-81.3790388,US/Eastern,Yes,,,,Yes,,,,,,,1981,,,,,77,,,None,
Panther_education_Janis,Panther,86,0,Education,Research,1015.6,10932,28.5176885788321,-81.3790388,US/Eastern,Yes,,,,,,,,,,,1986,,,,,67,,,None,
Panther_assembly_Carrol,Panther,87,0,Entertainment/public assembly,Stadium,595.7,6412,28.5176885788321,-81.3790388,US/Eastern,Yes,,,,Yes,,,,,,,2006,,,,,140,,,None,
Panther_assembly_Gwyneth,Panther,88,0,Entertainment/public assembly,Stadium,7109.6,76527,28.5176885788321,-81.3790388,US/Eastern,Yes,,,,Yes,,,,,,,2007,,,,,184,,,None,
Panther_education_Jarrett,Panther,,0,Education,Research,249.4,2685,28.5176885788321,-81.3790388,US/Eastern,,,,,Yes,,,,,,,1968,,,,,35,,,None,
Panther_retail_Romeo,Panther,89,0,Retail,Retail,15027.5,161755,28.5176885788321,-81.3790388,US/Eastern,Yes,,,,Yes,,,Yes,,,,1996,,,,,258,,,None,
Panther_lodging_Gale,Panther,90,0,Lodging/residential,Residence Hall,5499.9,59200,28.5176885788321,-81.3790388,US/Eastern,Yes,,,,Yes,,,,,,,1999,,,,,147,,,None,
Panther_education_Emily,Panther,91,0,Education,Classroom,6326.1,68094,28.5176885788321,-81.3790388,US/Eastern,Yes,,Yes,,Yes,,,,,,,2003,,,,,164,,,None,
Panther_office_Lavinia,Panther,92,0,Office,Office,1001.4,10779,28.5176885788321,-81.3790388,US/Eastern,Yes,,Yes,,,,,,,,,1970,,,,,101,,,None,
Panther_office_Clementine,Panther,93,0,Office,Office,3100.2,33370,28.5176885788321,-81.3790388,US/Eastern,Yes,,Yes,,Yes,,,,,,,1982,,,,,119,,,None,
Panther_education_Scarlett,Panther,94,0,Education,Classroom,2737.8,29469,28.5176885788321,-81.3790388,US/Eastern,Yes,,,,,,,Yes,,,,1968,,,,,84,,,None,
Panther_lodging_Georgie,Panther,,0,Lodging/residential,Residence Hall,1221.8,13151,28.5176885788321,-81.3790388,US/Eastern,,,,,Yes,Yes,,,,,,1990,,,,,89,,,None,
Panther_lodging_Kara,Panther,95,0,Lodging/residential,Residence Hall,18667.3,200933,28.5176885788321,-81.3790388,US/Eastern,Yes,,Yes,,,Yes,,,,,,2006,,,,,91,,,None,
Panther_lodging_Kirk,Panther,96,0,Lodging/residential,Residence Hall,18667.3,200933,28.5176885788321,-81.3790388,US/Eastern,Yes,,Yes,,,,,,,,,2006,,,,,70,,,None,
Panther_lodging_Cora,Panther,97,0,Lodging/residential,Residence Hall,17433,187647,28.5176885788321,-81.3790388,US/Eastern,Yes,,Yes,,Yes,Yes,,,,,,2007,,,,,151,,,None,
Panther_lodging_Marisol,Panther,98,0,Lodging/residential,Residence Hall,18667.3,200933,28.5176885788321,-81.3790388,US/Eastern,Yes,,Yes,,,,,,,,,2007,,,,,78,,,None,
Panther_office_Danica,Panther,99,0,Office,Office,210,2260,28.5176885788321,-81.3790388,US/Eastern,Yes,,,,Yes,,,,,,,2016,,,,,79,,,Silver,
Panther_education_Joyce,Panther,,0,Education,Classroom,7896.8,85000,28.5176885788321,-81.3790388,US/Eastern,,,,,Yes,,,Yes,,,,1991,,,,,95,,,None,
Panther_lodging_Dianna,Panther,100,0,Lodging/residential,Residence Hall,2272,24456,28.5176885788321,-81.3790388,US/Eastern,Yes,,,,Yes,Yes,,,,,,1968,,,,,298,,,None,
Panther_office_Antonette,Panther,101,0,Office,Office,1752.2,18860,28.5176885788321,-81.3790388,US/Eastern,Yes,,,,,Yes,,,,,,1986,,,,,208,,,None,
Panther_office_Christin,Panther,102,0,Office,Office,1474.9,15876,28.5176885788321,-81.3790388,US/Eastern,Yes,,,,,,,Yes,,,,1983,,,,,64,,,None,
Panther_education_Cleopatra,Panther,103,0,Education,Classroom,2012,21657,28.5176885788321,-81.3790388,US/Eastern,Yes,,Yes,,Yes,,,,,,,2016,,,,,100,,,Gold,
Panther_office_Ruthie,Panther,104,0,Office,Office,4211.3,45330,28.5176885788321,-81.3790388,US/Eastern,Yes,,,,Yes,,,,,,,2003,,,,,211,,,None,
Panther_lodging_Marlyn,Panther,,0,Lodging/residential,Residence Hall,950.4,10230,28.5176885788321,-81.3790388,US/Eastern,,,,,Yes,Yes,,,,,,1968,,,,,176,,,None,
Robin_education_Kiera,Robin,105,1,Education,College Classroom,4703,50623,51.51878965384613,-0.134556231,Europe/London,Yes,,,,,,,,Education,College/University,Steam,,,5,,,,,,,G
Robin_education_Della,Robin,106,1,Education,College Classroom,499.3,5374,51.51878965384613,-0.134556231,Europe/London,Yes,Yes,,,,,,,Education,College/University,Heat network,,,4,,,,,,,
Robin_education_Lashandra,Robin,107,1,Education,College Classroom,9061,97532,51.51878965384613,-0.134556231,Europe/London,Yes,,,,,,,,Education,College/University,Heat network,2005,,10,,,,,,,F
Robin_education_Megan,Robin,108,1,Education,College Laboratory,7579,81580,51.51878965384613,-0.134556231,Europe/London,Yes,,,,,,,,Education,College/University,Heat network,1913,,5,,,,,,,
Robin_education_Mercedes,Robin,109,1,Education,College Laboratory,5295,56995,51.51878965384613,-0.134556231,Europe/London,Yes,Yes,,,,,,,Education,College/University,Heat network,1953,,6,,,,,,,G
Robin_education_Audrea,Robin,110,1,Education,College Laboratory,2584,27814,51.51878965384613,-0.134556231,Europe/London,Yes,Yes,,,,,,,Education,College/University,Heat network,2006,,8,,,,,,,G
Robin_education_Derrick,Robin,111,1,Education,College Laboratory,10994,118338,51.51878965384613,-0.134556231,Europe/London,Yes,,,,,,,,Education,College/University,Heat network,1909,,7,,,,,,,F
Robin_education_Karyl,Robin,112,1,Education,College Laboratory,2992,32206,51.51878965384613,-0.134556231,Europe/London,Yes,Yes,,,,,,,Education,College/University,Heat network,,,6,,,,,,,E
Robin_education_Madeline,Robin,113,1,Education,College Laboratory,9335,100481,51.51878965384613,-0.134556231,Europe/London,Yes,Yes,,,,,,,Education,College/University,Heat network,1958,,9,,,,,,,F
Robin_education_Leslie,Robin,114,1,Education,College Laboratory,12977,139683,51.51878965384613,-0.134556231,Europe/London,Yes,Yes,,,,,,,Education,College/University,Heat network,1958,,13,,,,,,,E
Robin_education_So,Robin,115,1,Education,College Laboratory,12051,129716,51.51878965384613,-0.134556231,Europe/London,Yes,,,,,,,,Education,College/University,Heat network,1968,,6,,,,,,,F
Robin_education_Jasper,Robin,116,1,Education,College Laboratory,3462,37265,51.51878965384613,-0.134556231,Europe/London,Yes,,,,,,,,Education,College/University,Oil,,,5,,,,,,,
Robin_education_Cecilia,Robin,117,1,Education,College Laboratory,1439,15489,51.51878965384613,-0.134556231,Europe/London,Yes,Yes,,,,,,,Education,College/University,Heat network,2004,,4,,,,,,,E
Robin_education_Julius,Robin,118,1,Education,College Laboratory,12850,138316,51.51878965384613,-0.134556231,Europe/London,Yes,,,,,,,,Education,College/University,Gas,1960,,8,,,,,,,
Robin_education_Margarito,Robin,119,1,Education,College Laboratory,8468,91149,51.51878965384613,-0.134556231,Europe/London,Yes,Yes,,,,,,,Education,College/University,Heat network,2007,,7,,,,,,,E
Robin_education_Zenia,Robin,120,1,Education,College Laboratory,6337,68211,51.51878965384613,-0.134556231,Europe/London,Yes,,,,,,,,Education,College/University,Heat network,1976,,7,,,,,,,G
Robin_education_Derick,Robin,121,1,Education,College Laboratory,13965,150318,51.51878965384613,-0.134556231,Europe/London,Yes,Yes,,,,,,,Education,College/University,Heat network and steam,1906,,9,,,,,,,B
Robin_education_Terrance,Robin,122,1,Education,College Laboratory,7714.9,83043,51.51878965384613,-0.134556231,Europe/London,Yes,,,,,,,,Education,College/University,Gas,1991,,6,,,,,,,F
Robin_education_Kristopher,Robin,123,1,Education,College Laboratory,5686,61204,51.51878965384613,-0.134556231,Europe/London,Yes,,,,,,,,Education,College/University,Gas,1989,,6,,,,,,,E
Robin_education_Billi,Robin,124,1,Education,College Laboratory,3560,38319,51.51878965384613,-0.134556231,Europe/London,Yes,,,,,,,,Education,College/University,Gas,1900,,6,,,,,,,D
Robin_education_Takako,Robin,125,1,Education,College Laboratory,1561,16802,51.51878965384613,-0.134556231,Europe/London,Yes,,,,,,,,Education,College/University,Gas,1995,,6,,,,,,,
Robin_education_Lizbeth,Robin,126,1,Education,College Laboratory,2001,21539,51.51878965384613,-0.134556231,Europe/London,Yes,,,,,,,,Education,College/University,Gas,2004,,5,,,,,,,G
Robin_lodging_Donna,Robin,127,1,Lodging/residential,Dormitory,2515,27071,51.51878965384613,-0.134556231,Europe/London,Yes,,,,,,,,Education,College/University,Gas,,,6,,,,,,,D
Robin_lodging_Renea,Robin,128,1,Lodging/residential,Dormitory,9548,102774,51.51878965384613,-0.134556231,Europe/London,Yes,,,,,,,,Education,College/University,Gas,1956,,7,,,,,,,E
Robin_lodging_Elmer,Robin,129,1,Lodging/residential,Dormitory,9565,102957,51.51878965384613,-0.134556231,Europe/London,Yes,,,,,,,,Education,College/University,Gas,1968,,7,,,,,,,G
Robin_lodging_Dorthy,Robin,130,1,Lodging/residential,Dormitory,5842.9,62893,51.51878965384613,-0.134556231,Europe/London,Yes,,,,,,,,Education,College/University,Gas,1960,,16,,,,,,,F
Robin_lodging_Janie,Robin,131,1,Lodging/residential,Dormitory,6193,66661,51.51878965384613,-0.134556231,Europe/London,Yes,,,,,,,,Education,College/University,Electric,1930,,7,,,,,,,E
Robin_lodging_Celia,Robin,132,1,Lodging/residential,Dormitory,7721,83108,51.51878965384613,-0.134556231,Europe/London,Yes,,,,,,,,Education,College/University,Gas,1995,,8,,,,,,,D
Robin_lodging_Oliva,Robin,133,1,Lodging/residential,Dormitory,6013,64723,51.51878965384613,-0.134556231,Europe/London,Yes,,,,,,,,Education,College/University,Gas,1960,,8,,,,,,,C
Robin_lodging_Pricilla,Robin,134,1,Lodging/residential,Dormitory,4607,49589,51.51878965384613,-0.134556231,Europe/London,Yes,,,,,,,,Education,College/University,Electric,1998,,8,,,,,,,E
Robin_lodging_Phillip,Robin,135,1,Lodging/residential,Dormitory,6181,66532,51.51878965384613,-0.134556231,Europe/London,Yes,,,,,,,,Education,College/University,Gas,1967,,10,,,,,,,D
Robin_lodging_Armand,Robin,136,1,Lodging/residential,Dormitory,5246,56467,51.51878965384613,-0.134556231,Europe/London,Yes,,,,,,,,Education,College/University,Gas,1960,,9,,,,,,,D
Robin_assembly_Colleen,Robin,137,1,Entertainment/public assembly,Gymnasium,5948,64024,51.51878965384613,-0.134556231,Europe/London,Yes,,,,,,,,Education,College/University,Heat network,1967,,6,,,,,,,G
Robin_public_Carolina,Robin,138,1,Public services,Library,10984,118231,51.51878965384613,-0.134556231,Europe/London,Yes,Yes,,,,,,,Education,College/University,Heat network,,,6,,,,,,,C
Robin_public_Cami,Robin,139,1,Public services,Library,5261,56629,51.51878965384613,-0.134556231,Europe/London,Yes,Yes,,,,,,,Education,College/University,Heat network,1900,,6,,,,,,,E
Robin_office_Shirlene,Robin,140,1,Office,Office,4647,50020,51.51878965384613,-0.134556231,Europe/London,Yes,,,,,,,,Education,College/University,Heat network,,,11,,,,,,,
Robin_office_Gayle,Robin,141,1,Office,Office,4161,44789,51.51878965384613,-0.134556231,Europe/London,Yes,,,,,,,,Education,College/University,Heat network,1919,,5,,,,,,,
Robin_office_Dina,Robin,142,1,Office,Office,4213,45348,51.51878965384613,-0.134556231,Europe/London,Yes,,,,,,,,Education,College/University,Heat network,,,4,,,,,,,C
Robin_office_Victor,Robin,143,1,Office,Office,3724,40085,51.51878965384613,-0.134556231,Europe/London,Yes,,,,,,,,Education,College/University,Steam,,,4,,,,,,,C
Robin_office_Lindsay,Robin,144,1,Office,Office,5358,57673,51.51878965384613,-0.134556231,Europe/London,Yes,Yes,,,,,,,Education,College/University,Heat network,,,5,,,,,,,C
Robin_office_Adolph,Robin,145,1,Office,Office,1321,14219,51.51878965384613,-0.134556231,Europe/London,Yes,Yes,,,,,,,Education,College/University,Heat network,,,4,,,,,,,
Robin_office_Saul,Robin,146,1,Office,Office,2937,31614,51.51878965384613,-0.134556231,Europe/London,Yes,,,,,,,,Education,College/University,Gas,1956,,8,,,,,,,D
Robin_office_Donald,Robin,147,1,Office,Office,7669,82548,51.51878965384613,-0.134556231,Europe/London,Yes,,,,,,,,Education,College/University,Heat network but not ours,1977,,7,,,,,,,F
Robin_office_Wai,Robin,148,1,Office,Office,16221,174601,51.51878965384613,-0.134556231,Europe/London,Yes,Yes,,,,,,,Education,College/University,Heat network,1960,,12,,,,,,,F
Robin_office_Zelma,Robin,149,1,Office,Office,7607,81881,51.51878965384613,-0.134556231,Europe/London,Yes,Yes,,,,,,,Education,College/University,Heat network,1960,,8,,,,,,,F
Robin_office_Antonina,Robin,150,1,Office,Office,6099.7,65657,51.51878965384613,-0.134556231,Europe/London,Yes,,,,,,,,Education,College/University,Gas,1955,,8,,,,,,,E
Robin_office_Serena,Robin,151,1,Office,Office,2833.1,30495,51.51878965384613,-0.134556231,Europe/London,Yes,,,,,,,,Education,College/University,Gas,1997,,8,,,,,,,D
Robin_office_Soledad,Robin,152,1,Office,Office,957,10301,51.51878965384613,-0.134556231,Europe/London,Yes,,,,,,,,Education,College/University,Gas,1970,,2,,,,,,,E
Robin_office_Erma,Robin,,1,Office,Office,4434,47727,51.51878965384613,-0.134556231,Europe/London,Yes,,,,,,,,Education,College/University,Gas,1928,,6,,,,,,,
Robin_office_Addie,Robin,153,1,Office,Office,1495,16092,51.51878965384613,-0.134556231,Europe/London,Yes,,,,,,,,Education,College/University,Gas,1965,,3,,,,,,,
Robin_office_Maryann,Robin,154,1,Office,Office,3201,34455,51.51878965384613,-0.134556231,Europe/London,Yes,,,,,,,,Education,College/University,Heat network,1907,,8,,,,,,,
Robin_office_Sammie,Robin,155,1,Office,Office,4802,51688,51.51878965384613,-0.134556231,Europe/London,Yes,,,,,,,,Education,College/University,Electricity,1930,,8,,,,,,,F
Fox_public_Denny,Fox,156,2,Public services,Police Station,4058.1,43681,33.42442530000004,-111.9281404,US/Mountain,Yes,,,,,,,,Education,College/University,,2007,,,,,,,,,
Fox_office_Clayton,Fox,157,2,Office,Office,488.5,5258,33.42442530000004,-111.9281404,US/Mountain,Yes,,,,,,,,Education,College/University,,,,,,,,,,,
Fox_office_Susanne,Fox,158,2,Office,Office,941.6,10135,33.42442530000004,-111.9281404,US/Mountain,Yes,,,,,,,,Education,College/University,,,,,,,,,,,
Fox_education_Vernon,Fox,,2,Education,College Classroom,3825.7,41179,33.42442530000004,-111.9281404,US/Mountain,Yes,,Yes,,,,,,Education,College/University,,,,,,,,,,,
Fox_education_Charles,Fox,159,2,Education,College Laboratory,909.3,9788,33.42442530000004,-111.9281404,US/Mountain,Yes,,,,,,,,Education,College/University,,,,,,,,,,,
Fox_assembly_Kathie,Fox,160,2,Entertainment/public assembly,Museum,1466.6,15786,33.42442530000004,-111.9281404,US/Mountain,Yes,,,,,,,,Education,College/University,,,,,,,,,,,
Fox_education_Kendrick,Fox,161,2,Education,Auditorium,1052.5,11329,33.42442530000004,-111.9281404,US/Mountain,Yes,,Yes,,,,,,Education,College/University,,,,,,,,,,,
Fox_education_Delma,Fox,162,2,Education,College Classroom,9181.5,98829,33.42442530000004,-111.9281404,US/Mountain,Yes,Yes,Yes,,,,,,Education,College/University,,1968,,,,,,,,,
Fox_education_Ollie,Fox,163,2,Education,College Classroom,6698.5,72102,33.42442530000004,-111.9281404,US/Mountain,Yes,Yes,Yes,,,,,,Education,College/University,,1970,,,,,,,,,
Fox_warehouse_Pearl,Fox,164,2,Warehouse/storage,Warehouse,1199.2,12908,33.42442530000004,-111.9281404,US/Mountain,Yes,,,,,,,,Education,College/University,,1979,,,,,,,,,
Fox_warehouse_Lorretta,Fox,165,2,Warehouse/storage,Warehouse,360.2,3877,33.42442530000004,-111.9281404,US/Mountain,Yes,,,,,,,,Education,College/University,,1975,,,,,,,,,
Fox_lodging_Helen,Fox,166,2,Lodging/residential,Dormitory,51394.9,553210,33.42442530000004,-111.9281404,US/Mountain,Yes,Yes,Yes,,,,,,Education,College/University,,2009,,,,,,,,,
Fox_lodging_Stephen,Fox,167,2,Lodging/residential,Dormitory,8019.7,86323,33.42442530000004,-111.9281404,US/Mountain,Yes,Yes,Yes,,,,,,Education,College/University,,1956,,,,,,,,,
Fox_education_Andre,Fox,168,2,Education,College Laboratory,17044,183460,33.42442530000004,-111.9281404,US/Mountain,Yes,Yes,Yes,,,,,,Education,College/University,,2005,,,,,,,,,
Fox_education_Yolande,Fox,169,2,Education,College Laboratory,16681.6,179559,33.42442530000004,-111.9281404,US/Mountain,Yes,Yes,Yes,,,,,,Education,College/University,,2006,,,,,,,,,
Fox_retail_Manie,Fox,170,2,Retail,Retail,4201.4,45224,33.42442530000004,-111.9281404,US/Mountain,Yes,Yes,Yes,,,,,,Education,College/University,,1982,,,,,,,,,
Fox_office_Essie,Fox,171,2,Office,Office,12244.3,131797,33.42442530000004,-111.9281404,US/Mountain,Yes,Yes,Yes,,,,,,Education,College/University,,1968,,,,,,,,,
Fox_office_Israel,Fox,172,2,Office,Office,11282.1,121440,33.42442530000004,-111.9281404,US/Mountain,Yes,,Yes,,,,,,Education,College/University,,1983,,,,,,,,,
Fox_education_Rosie,Fox,173,2,Education,College Classroom,8445.2,90903,33.42442530000004,-111.9281404,US/Mountain,Yes,,Yes,,,,,,Education,College/University,,,,,,,,,,,
Fox_education_Tonya,Fox,174,2,Education,College Classroom,8444.9,90900,33.42442530000004,-111.9281404,US/Mountain,Yes,,Yes,,,,,,Education,College/University,,,,,,,,,,,
Fox_education_Nilda,Fox,175,2,Education,College Classroom,10371.2,111635,33.42442530000004,-111.9281404,US/Mountain,Yes,Yes,Yes,,,,,,Education,College/University,,1989,,,,,,,,,
Fox_education_Kim,Fox,176,2,Education,College Classroom,5782.1,62238,33.42442530000004,-111.9281404,US/Mountain,Yes,Yes,Yes,,,,,,Education,College/University,,1970,,,,,,,,,
Fox_assembly_Boyce,Fox,177,2,Entertainment/public assembly,Fitness Center,15520.9,167066,33.42442530000004,-111.9281404,US/Mountain,Yes,Yes,Yes,,,,,,Education,College/University,,1989,,,,,,,,,
Fox_office_Berniece,Fox,178,2,Office,Office,2173.2,23392,33.42442530000004,-111.9281404,US/Mountain,Yes,,Yes,,,,,,Education,College/University,,,,,,,,,,,
Fox_food_Francesco,Fox,179,2,Food sales and service,Restaurant,2310.2,24867,33.42442530000004,-111.9281404,US/Mountain,Yes,Yes,Yes,,,,,,Education,College/University,,2012,,,,,,,,,
Fox_education_Maris,Fox,180,2,Education,College Classroom,2284.1,24586,33.42442530000004,-111.9281404,US/Mountain,Yes,,Yes,,,,,,Education,College/University,,,,,,,,,,,
Fox_education_Elvira,Fox,181,2,Education,Student Union,13826.7,148829,33.42442530000004,-111.9281404,US/Mountain,Yes,,Yes,,,,,,Education,College/University,,2014,,,,,,,,,
Fox_assembly_Jerrod,Fox,182,2,Entertainment/public assembly,Athletic Field,94.9,1022,33.42442530000004,-111.9281404,US/Mountain,Yes,,,,,,,,Education,College/University,,,,,,,,,,,
Fox_education_Leota,Fox,183,2,Education,College Laboratory,12311.3,132518,33.42442530000004,-111.9281404,US/Mountain,Yes,Yes,Yes,,,,,,Education,College/University,,1992,,,,,,,,,
Fox_education_Heriberto,Fox,184,2,Education,College Classroom,3174.6,34171,33.42442530000004,-111.9281404,US/Mountain,Yes,Yes,Yes,,,,,,Education,College/University,,,,,,,,,,,
Fox_education_Miguelina,Fox,185,2,Education,College Classroom,7831.7,84300,33.42442530000004,-111.9281404,US/Mountain,Yes,,,,,,,,Education,College/University,,,,,,,,,,,
Fox_education_Maureen,Fox,,2,Education,College Classroom,22757.9,244964,33.42442530000004,-111.9281404,US/Mountain,Yes,,Yes,,,,,,Education,College/University,,2008,,,,,,,,,
Fox_religion_Maurice,Fox,186,2,Religious worship,Chapel,151.3,1629,33.42442530000004,-111.9281404,US/Mountain,Yes,,,,,,,,Education,College/University,,1948,,,,,,,,,
Fox_education_Sterling,Fox,187,2,Education,College Classroom,4106.6,44203,33.42442530000004,-111.9281404,US/Mountain,Yes,Yes,Yes,,,,,,Education,College/University,,1950,,,,,,,,,
Fox_office_Margarita,Fox,188,2,Office,Office,2187.8,23549,33.42442530000004,-111.9281404,US/Mountain,Yes,,Yes,,,,,,Education,College/University,,1941,,,,,,,,,
Fox_education_Elois,Fox,189,2,Education,College Classroom,695,7481,33.42442530000004,-111.9281404,US/Mountain,Yes,Yes,Yes,,,,,,Education,College/University,,1969,,,,,,,,,
Fox_education_Geoffrey,Fox,190,2,Education,College Laboratory,12731.4,137040,33.42442530000004,-111.9281404,US/Mountain,Yes,Yes,Yes,,,,,,Education,College/University,,1957,,,,,,,,,
Fox_education_Gayla,Fox,191,2,Education,College Classroom,7271.3,78268,33.42442530000004,-111.9281404,US/Mountain,Yes,Yes,Yes,,,,,,Education,College/University,,1964,,,,,,,,,
Fox_education_Gloria,Fox,192,2,Education,College Laboratory,14087.5,151637,33.42442530000004,-111.9281404,US/Mountain,Yes,Yes,Yes,,,,,,Education,College/University,,1983,,,,,,,,,
Fox_office_Molly,Fox,193,2,Office,Office,576.3,6203,33.42442530000004,-111.9281404,US/Mountain,Yes,,,,,,,,Education,College/University,,1999,,,,,,,,,
Fox_office_Demetrius,Fox,194,2,Office,Office,14463.3,155682,33.42442530000004,-111.9281404,US/Mountain,Yes,,Yes,,,,,,Education,College/University,,,,,,,,,,,
Fox_office_Sheila,Fox,195,2,Office,Office,901.4,9703,33.42442530000004,-111.9281404,US/Mountain,Yes,Yes,Yes,,,,,,Education,College/University,,1940,,,,,,,,,
Fox_assembly_Cindy,Fox,196,2,Entertainment/public assembly,Sports Stadium,3765.5,40531,33.42442530000004,-111.9281404,US/Mountain,Yes,,,,,,,,Education,College/University,,,,,,,,,,,
Fox_public_Rhonda,Fox,197,2,Public services,Library,9555.6,102856,33.42442530000004,-111.9281404,US/Mountain,Yes,,Yes,,,,,,Education,College/University,,,,,,,,,,,
Fox_office_Yong,Fox,198,2,Office,Office,15232.3,163959,33.42442530000004,-111.9281404,US/Mountain,Yes,,Yes,,,,,,Education,College/University,,2004,,,,,,,,,
Fox_parking_Tommie,Fox,199,2,Parking,Parking Garage,37633.4,405083,33.42442530000004,-111.9281404,US/Mountain,Yes,,,,,,,,Education,College/University,,2004,,,,,,,,,
Fox_assembly_Emma,Fox,200,2,Entertainment/public assembly,Museum,13293.8,143093,33.42442530000004,-111.9281404,US/Mountain,Yes,Yes,Yes,,,,,,Education,College/University,,1964,,,,,,,,,
Fox_education_Wendell,Fox,201,2,Education,College Laboratory,20402.2,219608,33.42442530000004,-111.9281404,US/Mountain,Yes,Yes,Yes,,,,,,Education,College/University,,1992,,,,,,,,,
Fox_lodging_Alana,Fox,202,2,Lodging/residential,Dormitory,6938.2,74682,33.42442530000004,-111.9281404,US/Mountain,Yes,Yes,Yes,,,,,,Education,College/University,,2006,,,,,,,,,
Fox_lodging_Wallace,Fox,203,2,Lodging/residential,Dormitory,5885.2,63348,33.42442530000004,-111.9281404,US/Mountain,Yes,Yes,Yes,,,,,,Education,College/University,,2007,,,,,,,,,
Fox_lodging_Isabell,Fox,204,2,Lodging/residential,Dormitory,2875.3,30949,33.42442530000004,-111.9281404,US/Mountain,Yes,Yes,Yes,,,,,,Education,College/University,,1951,,,,,,,,,
Fox_lodging_Winifred,Fox,205,2,Lodging/residential,Dormitory,5582.2,60086,33.42442530000004,-111.9281404,US/Mountain,Yes,,Yes,,,,,,Education,College/University,,2001,,,,,,,,,
Fox_public_Martin,Fox,206,2,Public services,Library,32129.3,345837,33.42442530000004,-111.9281404,US/Mountain,Yes,Yes,Yes,,,,,,Education,College/University,,1966,,,,,,,,,
Fox_public_Lauren,Fox,207,2,Public services,Library,9262.4,99700,33.42442530000004,-111.9281404,US/Mountain,Yes,,Yes,,,,,,Education,College/University,,,,,,,,,,,
Fox_health_Lorena,Fox,208,2,Healthcare,Health Services,3428.5,36904,33.42442530000004,-111.9281404,US/Mountain,Yes,Yes,Yes,,,,,,Education,College/University,,1934,,,,,,,,,
Fox_education_Claude,Fox,209,2,Education,College Laboratory,17957.6,193294,33.42442530000004,-111.9281404,US/Mountain,Yes,Yes,Yes,,,,,,Education,College/University,,2006,,,,,,,,,
Fox_education_Jaclyn,Fox,210,2,Education,College Laboratory,6619.2,71248,33.42442530000004,-111.9281404,US/Mountain,Yes,Yes,Yes,,,,,,Education,College/University,,2004,,,,,,,,,
Fox_education_Etta,Fox,211,2,Education,College Laboratory,4497.5,48411,33.42442530000004,-111.9281404,US/Mountain,Yes,,,,,,,,Education,College/University,,,,,,,,,,,
Fox_education_Otilia,Fox,212,2,Education,College Laboratory,30403.1,327256,33.42442530000004,-111.9281404,US/Mountain,Yes,Yes,Yes,,,,,,Education,College/University,,2012,,,,,,,,,
Fox_education_Eldon,Fox,213,2,Education,College Laboratory,4613.7,49662,33.42442530000004,-111.9281404,US/Mountain,Yes,Yes,Yes,,,,,,Education,College/University,,1964,,,,,,,,,
Fox_education_Janina,Fox,214,2,Education,College Laboratory,8479.5,91273,33.42442530000004,-111.9281404,US/Mountain,Yes,,Yes,,,,,,Education,College/University,,1951,,,,,,,,,
Fox_lodging_Stephan,Fox,215,2,Lodging/residential,Dormitory,3382.2,36406,33.42442530000004,-111.9281404,US/Mountain,Yes,Yes,Yes,,,,,,Education,College/University,,1940,,,,,,,,,
Fox_education_Long,Fox,216,2,Education,College Classroom,12733.7,137065,33.42442530000004,-111.9281404,US/Mountain,Yes,Yes,Yes,,,,,,Education,College/University,,1964,,,,,,,,,
Fox_education_Leona,Fox,217,2,Education,College Classroom,26286.5,282946,33.42442530000004,-111.9281404,US/Mountain,Yes,Yes,Yes,,,,,,Education,College/University,,2003,,,,,,,,,
Fox_public_Belle,Fox,218,2,Public services,Library,1524.6,16411,33.42442530000004,-111.9281404,US/Mountain,Yes,,,,,,,,Education,College/University,,,,,,,,,,,
Fox_education_Dominique,Fox,219,2,Education,College Laboratory,8930.2,96124,33.42442530000004,-111.9281404,US/Mountain,Yes,Yes,Yes,,,,,,Education,College/University,,1959,,,,,,,,,
Fox_education_Theodore,Fox,220,2,Education,College Laboratory,11389.2,122592,33.42442530000004,-111.9281404,US/Mountain,Yes,Yes,Yes,,,,,,Education,College/University,,1971,,,,,,,,,
Fox_education_Melinda,Fox,221,2,Education,College Laboratory,18984.6,204349,33.42442530000004,-111.9281404,US/Mountain,Yes,Yes,Yes,,,,,,Education,College/University,,1993,,,,,,,,,
Fox_assembly_Audrey,Fox,222,2,Entertainment/public assembly,Theater,1108.8,11935,33.42442530000004,-111.9281404,US/Mountain,Yes,Yes,Yes,,,,,,Education,College/University,,1939,,,,,,,,,
Fox_education_Willis,Fox,223,2,Education,College Laboratory,24265.1,261188,33.42442530000004,-111.9281404,US/Mountain,Yes,,,,,,,,Education,College/University,,,,,,,,,,,
Fox_education_Elizabeth,Fox,224,2,Education,Student Union,25295.4,272278,33.42442530000004,-111.9281404,US/Mountain,Yes,Yes,Yes,,,,,,Education,College/University,,1955,,,,,,,,,
Fox_lodging_Angla,Fox,225,2,Lodging/residential,Dormitory,20115.9,216526,33.42442530000004,-111.9281404,US/Mountain,Yes,Yes,Yes,,,,,,Education,College/University,,1967,,,,,,,,,
Fox_office_Carson,Fox,226,2,Office,Office,6891.5,74180,33.42442530000004,-111.9281404,US/Mountain,Yes,Yes,Yes,,,,,,Education,College/University,,1930,,,,,,,,,
Fox_assembly_Cecelia,Fox,227,2,Entertainment/public assembly,Museum,1591.6,17132,33.42442530000004,-111.9281404,US/Mountain,Yes,,,,,,,,Education,College/University,,1918,,,,,,,,,
Fox_lodging_Warren,Fox,228,2,Lodging/residential,Dormitory,4562.3,49108,33.42442530000004,-111.9281404,US/Mountain,Yes,Yes,Yes,,,,,,Education,College/University,,1951,,,,,,,,,
Fox_education_Eddy,Fox,229,2,Education,College Classroom,13015,140092,33.42442530000004,-111.9281404,US/Mountain,Yes,,Yes,,,,,,Education,College/University,,,,,,,,,,,
Fox_education_Shawanda,Fox,230,2,Education,Primary/Secondary Classroom,960.1,10334,33.42442530000004,-111.9281404,US/Mountain,Yes,,,,,,,,Education,College/University,,,,,,,,,,,
Fox_education_Stacia,Fox,231,2,Education,College Laboratory,3134.5,33739,33.42442530000004,-111.9281404,US/Mountain,Yes,Yes,Yes,,,,,,Education,College/University,,1939,,,,,,,,,
Fox_assembly_Gary,Fox,232,2,Entertainment/public assembly,Swimming Pool,2261.7,24345,33.42442530000004,-111.9281404,US/Mountain,Yes,Yes,,,,,,,Education,College/University,,1981,,,,,,,,,
Fox_education_Rudolph,Fox,233,2,Education,College Classroom,2335.5,25139,33.42442530000004,-111.9281404,US/Mountain,Yes,Yes,Yes,,,,,,Education,College/University,,1970,,,,,,,,,
Fox_education_Louie,Fox,234,2,Education,College Classroom,16645.2,179167,33.42442530000004,-111.9281404,US/Mountain,Yes,Yes,Yes,,,,,,Education,College/University,,1971,,,,,,,,,
Fox_education_Ashli,Fox,235,2,Education,College Classroom,864.8,9309,33.42442530000004,-111.9281404,US/Mountain,Yes,Yes,Yes,,,,,,Education,College/University,,1970,,,,,,,,,
Fox_assembly_Cathy,Fox,236,2,Entertainment/public assembly,Museum,13386,144086,33.42442530000004,-111.9281404,US/Mountain,Yes,Yes,Yes,,,,,,Education,College/University,,1989,,,,,,,,,
Fox_public_Bart,Fox,237,2,Public services,Library,9407.5,101262,33.42442530000004,-111.9281404,US/Mountain,Yes,,Yes,,,,,,Education,College/University,,1982,,,,,,,,,
Fox_office_Bernard,Fox,238,2,Office,Office,4182.2,45017,33.42442530000004,-111.9281404,US/Mountain,Yes,Yes,Yes,,,,,,Education,College/University,,,,,,,,,,,
Fox_lodging_Jina,Fox,239,2,Lodging/residential,Dormitory,9888.6,106440,33.42442530000004,-111.9281404,US/Mountain,Yes,Yes,Yes,,,,,,Education,College/University,,1963,,,,,,,,,
Fox_lodging_Frances,Fox,240,2,Lodging/residential,Dormitory,10340.5,111304,33.42442530000004,-111.9281404,US/Mountain,Yes,Yes,Yes,,,,,,Education,College/University,,1964,,,,,,,,,
Fox_assembly_Terrell,Fox,241,2,Entertainment/public assembly,Sports Stadium,4830.9,51999,33.42442530000004,-111.9281404,US/Mountain,Yes,,,,,,,,Education,College/University,,1974,,,,,,,,,
Fox_parking_Lynelle,Fox,242,2,Parking,Parking Garage,14596.3,157113,33.42442530000004,-111.9281404,US/Mountain,Yes,,,,,,,,Education,College/University,,1987,,,,,,,,,
Fox_parking_Felipa,Fox,243,2,Parking,Parking Garage,51767.1,557217,33.42442530000004,-111.9281404,US/Mountain,Yes,,,,,,,,Education,College/University,,2004,,,,,,,,,
Fox_education_Dewayne,Fox,244,2,Education,College Classroom,8892.4,95717,33.42442530000004,-111.9281404,US/Mountain,Yes,Yes,Yes,,,,,,Education,College/University,,,,,,,,,,,
Fox_education_Shirley,Fox,245,2,Education,College Classroom,8220.6,88486,33.42442530000004,-111.9281404,US/Mountain,Yes,,Yes,,,,,,Education,College/University,,,,,,,,,,,
Fox_office_Alice,Fox,246,2,Office,Office,18806.8,202435,33.42442530000004,-111.9281404,US/Mountain,Yes,Yes,Yes,,,,,,Education,College/University,,1967,,,,,,,,,
Fox_education_Marlana,Fox,247,2,Education,College Laboratory,5997.8,64560,33.42442530000004,-111.9281404,US/Mountain,Yes,Yes,Yes,,,,,,Education,College/University,,1965,,,,,,,,,
Fox_education_Melvin,Fox,248,2,Education,College Laboratory,2289.4,24643,33.42442530000004,-111.9281404,US/Mountain,Yes,Yes,Yes,,,,,,Education,College/University,,1982,,,,,,,,,
Fox_assembly_Renna,Fox,249,2,Entertainment/public assembly,Planetarium,16671.4,179449,33.42442530000004,-111.9281404,US/Mountain,Yes,Yes,Yes,,,,,,Education,College/University,,1976,,,,,,,,,
Fox_education_Lilly,Fox,250,2,Education,College Laboratory,12236.3,131710,33.42442530000004,-111.9281404,US/Mountain,Yes,Yes,Yes,,,,,,Education,College/University,,1991,,,,,,,,,
Fox_education_Virginia,Fox,251,2,Education,College Classroom,1186.7,12773,33.42442530000004,-111.9281404,US/Mountain,Yes,,,,,,,,Education,College/University,,,,,,,,,,,
Fox_education_Marcelina,Fox,252,2,Education,College Classroom,400.8,4314,33.42442530000004,-111.9281404,US/Mountain,Yes,,Yes,,,,,,Education,College/University,,1907,,,,,,,,,
Fox_education_Virgil,Fox,253,2,Education,College Laboratory,6123,65907,33.42442530000004,-111.9281404,US/Mountain,Yes,Yes,Yes,,,,,,Education,College/University,,1964,,,,,,,,,
Fox_assembly_Johnnie,Fox,254,2,Entertainment/public assembly,Fitness Center,23668.5,254766,33.42442530000004,-111.9281404,US/Mountain,Yes,Yes,Yes,,,,,,Education,College/University,,1989,,,,,,,,,
Fox_education_Suzan,Fox,255,2,Education,College Classroom,4559.5,49078,33.42442530000004,-111.9281404,US/Mountain,Yes,Yes,Yes,,,,,,Education,College/University,,1914,,,,,,,,,
Fox_education_Lesley,Fox,256,2,Education,Primary/Secondary Classroom,1555.6,16744,33.42442530000004,-111.9281404,US/Mountain,Yes,,Yes,,,,,,Education,College/University,,,,,,,,,,,
Fox_education_Burton,Fox,257,2,Education,College Classroom,7028.1,75650,33.42442530000004,-111.9281404,US/Mountain,Yes,,Yes,,,,,,Education,College/University,,,,,,,,,,,
Fox_education_Shaun,Fox,258,2,Education,College Classroom,6616.9,71224,33.42442530000004,-111.9281404,US/Mountain,Yes,,Yes,,,,,,Education,College/University,,,,,,,,,,,
Fox_education_Cynthia,Fox,259,2,Education,College Laboratory,7197.1,77469,33.42442530000004,-111.9281404,US/Mountain,Yes,,Yes,,,,,,Education,College/University,,,,,,,,,,,
Fox_education_Jacqueline,Fox,260,2,Education,College Classroom,11797.3,126985,33.42442530000004,-111.9281404,US/Mountain,Yes,Yes,Yes,,,,,,Education,College/University,,1979,,,,,,,,,
Fox_education_Tamika,Fox,261,2,Education,College Laboratory,8339.9,89770,33.42442530000004,-111.9281404,US/Mountain,Yes,,,,,,,,Education,College/University,,,,,,,,,,,
Fox_assembly_Leeanne,Fox,262,2,Entertainment/public assembly,Sports Stadium,1932.8,20804,33.42442530000004,-111.9281404,US/Mountain,Yes,,,,,,,,Education,College/University,,1999,,,,,,,,,
Fox_education_Claire,Fox,263,2,Education,College Classroom,8145.1,87673,33.42442530000004,-111.9281404,US/Mountain,Yes,Yes,Yes,,,,,,Education,College/University,,1960,,,,,,,,,
Fox_office_Edythe,Fox,264,2,Office,Office,7772.3,83660,33.42442530000004,-111.9281404,US/Mountain,Yes,Yes,Yes,,,,,,Education,College/University,,1973,,,,,,,,,
Fox_office_Thelma,Fox,265,2,Office,Office,11052.3,118966,33.42442530000004,-111.9281404,US/Mountain,Yes,,Yes,,,,,,Education,College/University,,1988,,,,,,,,,
Fox_education_Kris,Fox,266,2,Education,Student Union,2837.5,30543,33.42442530000004,-111.9281404,US/Mountain,Yes,,,,,,,,Education,College/University,,,,,,,,,,,
Fox_assembly_Carlos,Fox,267,2,Entertainment/public assembly,Fitness Center,6706.9,72193,33.42442530000004,-111.9281404,US/Mountain,Yes,,Yes,,,,,,Education,College/University,,2013,,,,,,,,,
Fox_assembly_Tony,Fox,268,2,Entertainment/public assembly,Fitness Center,7231.9,77844,33.42442530000004,-111.9281404,US/Mountain,Yes,,Yes,,,,,,Education,College/University,,,,,,,,,,,
Fox_assembly_Bradley,Fox,269,2,Entertainment/public assembly,Sports Stadium,75207.8,809530,33.42442530000004,-111.9281404,US/Mountain,Yes,,,,,,,,Education,College/University,,1958,,,,,,,,,
Fox_office_Easter,Fox,270,2,Office,Office,2766.5,29778,33.42442530000004,-111.9281404,US/Mountain,Yes,,Yes,,,,,,Education,College/University,,,,,,,,,,,
Fox_education_Carleen,Fox,271,2,Education,College Laboratory,6635.2,71421,33.42442530000004,-111.9281404,US/Mountain,Yes,,Yes,,,,,,Education,College/University,,,,,,,,,,,
Fox_education_Henrietta,Fox,272,2,Education,College Laboratory,425.8,4583,33.42442530000004,-111.9281404,US/Mountain,Yes,,,,,,,,Education,College/University,,,,,,,,,,,
Fox_office_Zachary,Fox,273,2,Office,Office,13038.5,140345,33.42442530000004,-111.9281404,US/Mountain,Yes,,Yes,,,,,,Education,College/University,,,,,,,,,,,
Fox_office_Brandy,Fox,274,2,Office,Office,3921.8,42214,33.42442530000004,-111.9281404,US/Mountain,Yes,,,,,,,,Education,College/University,,1985,,,,,,,,,
Fox_office_Vicki,Fox,275,2,Office,Office,6580.5,70832,33.42442530000004,-111.9281404,US/Mountain,Yes,,,,,,,,Education,College/University,,2014,,,,,,,,,
Fox_office_Joy,Fox,276,2,Office,Office,6581,70837,33.42442530000004,-111.9281404,US/Mountain,Yes,,,,,,,,Education,College/University,,2014,,,,,,,,,
Fox_education_Ray,Fox,277,2,Education,Student Union,1185.5,12761,33.42442530000004,-111.9281404,US/Mountain,Yes,,Yes,,,,,,Education,College/University,,1909,,,,,,,,,
Fox_office_Gaylord,Fox,278,2,Office,Office,13759,148101,33.42442530000004,-111.9281404,US/Mountain,Yes,,,,,,,,Education,College/University,,,,,,,,,,,
Fox_education_John,Fox,279,2,Education,College Laboratory,4587.9,49384,33.42442530000004,-111.9281404,US/Mountain,Yes,Yes,Yes,,,,,,Education,College/University,,1967,,,,,,,,,
Fox_assembly_Dixie,Fox,280,2,Entertainment/public assembly,Sports Stadium,9801.7,105505,33.42442530000004,-111.9281404,US/Mountain,Yes,,,,,,,,Education,College/University,,2008,,,,,,,,,
Fox_food_Scott,Fox,281,2,Food sales and service,Restaurant,2681.4,28862,33.42442530000004,-111.9281404,US/Mountain,Yes,,Yes,,,,,,Education,College/University,,,,,,,,,,,
Fox_office_Juana,Fox,282,2,Office,Office,2671,28750,33.42442530000004,-111.9281404,US/Mountain,Yes,,Yes,,,,,,Education,College/University,,,,,,,,,,,
Fox_assembly_Sheldon,Fox,283,2,Entertainment/public assembly,Fitness Center,4823.5,51920,33.42442530000004,-111.9281404,US/Mountain,Yes,,,,,,,,Education,College/University,,,,,,,,,,,
Fox_assembly_Adrianne,Fox,284,2,Entertainment/public assembly,Sports Stadium,21391.8,230259,33.42442530000004,-111.9281404,US/Mountain,Yes,Yes,Yes,,,,,,Education,College/University,,1975,,,,,,,,,
Fox_utility_Marian,Fox,285,2,Utility,Central Plant,2040,21958,33.42442530000004,-111.9281404,US/Mountain,Yes,Yes,Yes,,,,,,Education,College/University,,,,,,,,,,,
Fox_lodging_Morris,Fox,286,2,Lodging/residential,Dormitory,3051,32841,33.42442530000004,-111.9281404,US/Mountain,Yes,Yes,Yes,,,,,,Education,College/University,,1935,,,,,,,,,
Fox_office_Rowena,Fox,287,2,Office,Office,3132,33713,33.42442530000004,-111.9281404,US/Mountain,Yes,Yes,Yes,,,,,,Education,College/University,,1956,,,,,,,,,
Fox_assembly_Christie,Fox,288,2,Entertainment/public assembly,Fitness Center,997.1,10733,33.42442530000004,-111.9281404,US/Mountain,Yes,,,,,,,,Education,College/University,,2005,,,,,,,,,
Fox_assembly_Lakeisha,Fox,289,2,Entertainment/public assembly,Fitness Center,898,9666,33.42442530000004,-111.9281404,US/Mountain,Yes,,,,,,,,Education,College/University,,2005,,,,,,,,,
Fox_office_Karima,Fox,290,2,Office,Office,4806.1,51732,33.42442530000004,-111.9281404,US/Mountain,Yes,,Yes,,,,,,Education,College/University,,1966,,,,,,,,,
Rat_public_Dalia,Rat,291,3,Public services,Police Station,8420.3,90635,38.9035039800032,-77.00534942,US/Eastern,Yes,,,,,,,,,,,2011,,,,,,,,,
Rat_public_Muriel,Rat,292,3,Public services,Social/Meeting Hall,3134.8,33743,38.9035039800032,-77.00534942,US/Eastern,Yes,,,,,,,,,,,,,,,,,,,,
Rat_office_Adele,Rat,293,3,Office,Office,37904.4,408000,38.9035039800032,-77.00534942,US/Eastern,Yes,,,,,,,,,,,2010,,,,,,,,,
Rat_education_Angelica,Rat,,3,Education,K-12 School,5202.6,56000,38.9035039800032,-77.00534942,US/Eastern,Yes,,,,,,,,,,,1964,,,,,,,,,
Rat_education_Moises,Rat,,3,Education,K-12 School,7794.6,83900,38.9035039800032,-77.00534942,US/Eastern,Yes,,,,,,,,,,,1950,,,,,,,,,
Rat_assembly_Ezequiel,Rat,294,3,Entertainment/public assembly,Other - Recreation,1385.5,14913,38.9035039800032,-77.00534942,US/Eastern,Yes,,,,,,,,,,,,,,,,,,,,
Rat_education_Colin,Rat,295,3,Education,K-12 School,7748.1,83400,38.9035039800032,-77.00534942,US/Eastern,Yes,,,,,,,,,,,1942,,,,,,,,,
Rat_office_Ashlee,Rat,,3,Office,Office,2186.9,23540,38.9035039800032,-77.00534942,US/Eastern,Yes,,,,,,,,,,,,,,,,,,,,
Rat_public_Chrissy,Rat,296,3,Public services,Library,2043.9,22000,38.9035039800032,-77.00534942,US/Eastern,Yes,,,,,,,,,,,,,,,,,,,,
Rat_education_Denise,Rat,,3,Education,K-12 School,6085.1,65500,38.9035039800032,-77.00534942,US/Eastern,Yes,,,,,,,,,,,1971,,,,,,,,,
Rat_education_Wilmer,Rat,297,3,Education,K-12 School,6150.2,66200,38.9035039800032,-77.00534942,US/Eastern,Yes,,,,,,,,,,,1950,,,,,,,,,
Rat_assembly_Kristine,Rat,298,3,Entertainment/public assembly,Other - Recreation,3673.5,39541,38.9035039800032,-77.00534942,US/Eastern,Yes,,,,,,,,,,,,,,,,,,,,
Rat_education_Conrad,Rat,299,3,Education,K-12 School,33073.5,356000,38.9035039800032,-77.00534942,US/Eastern,Yes,,,,,,,,,,,2014,,,,,,,,,
Rat_education_Rogelio,Rat,300,3,Education,K-12 School,5834.3,62800,38.9035039800032,-77.00534942,US/Eastern,Yes,,,,,,,,,,,2014,,,,,,,,,
Rat_public_Nell,Rat,301,3,Public services,Police Station,4754.4,51176,38.9035039800032,-77.00534942,US/Eastern,Yes,,,,,,,,,,,,,,,,,,,,
Rat_education_Calvin,Rat,302,3,Education,K-12 School,5304.8,57100,38.9035039800032,-77.00534942,US/Eastern,Yes,,,,,,,,,,,2015,,,,,,,,,
Rat_assembly_Dovie,Rat,303,3,Entertainment/public assembly,Other - Recreation,1481.8,15950,38.9035039800032,-77.00534942,US/Eastern,Yes,,,,,,,,,,,,,,,,,,,,
Rat_assembly_Jannie,Rat,304,3,Entertainment/public assembly,Other - Recreation,18051.1,194300,38.9035039800032,-77.00534942,US/Eastern,Yes,,,,,,,,,,,1900,,,,,,,,,
Rat_office_Ronald,Rat,305,3,Office,Office,802.4,8637,38.9035039800032,-77.00534942,US/Eastern,Yes,,,,,,,,,,,,,,,,,,,,
Rat_education_Debra,Rat,306,3,Education,K-12 School,4784.5,51500,38.9035039800032,-77.00534942,US/Eastern,Yes,,,,,,,,,,,1931,,,,,,,,,
Rat_public_Roberta,Rat,307,3,Public services,Fire Station,1010.1,10873,38.9035039800032,-77.00534942,US/Eastern,Yes,,,,,,,,,,,,,,,,,,,,
Rat_education_Mac,Rat,,3,Education,K-12 School,6108.5,65751,38.9035039800032,-77.00534942,US/Eastern,Yes,,,,,,,,,,,,,,,,,,,,
Rat_public_Lynda,Rat,308,3,Public services,Fire Station,467.6,5033,38.9035039800032,-77.00534942,US/Eastern,Yes,,,,,,,,,,,,,,,,,,,,
Rat_assembly_Jennie,Rat,309,3,Entertainment/public assembly,Other - Recreation,192,2067,38.9035039800032,-77.00534942,US/Eastern,Yes,,,,,,,,,,,,,,,,,,,,
Rat_public_Ramon,Rat,310,3,Public services,Other - Public Services,2043.9,22000,38.9035039800032,-77.00534942,US/Eastern,Yes,,,,,,,,,,,,,,,,,,,,
Rat_education_Lonnie,Rat,311,3,Education,K-12 School,4645.2,50000,38.9035039800032,-77.00534942,US/Eastern,Yes,,,,,,,,,,,1928,,,,,,,,,
Rat_assembly_Gerald,Rat,312,3,Entertainment/public assembly,Other - Recreation,615.5,6625,38.9035039800032,-77.00534942,US/Eastern,Yes,,,,,,,,,,,,,,,,,,,,
Rat_education_Kandice,Rat,313,3,Education,K-12 School,9643.3,103800,38.9035039800032,-77.00534942,US/Eastern,Yes,,,,,,,,,,,,,,,,,,,,
Rat_education_Barbara,Rat,314,3,Education,K-12 School,20903.2,225000,38.9035039800032,-77.00534942,US/Eastern,Yes,,,,,,,,,,,,,,,,,,,,
Rat_assembly_Trudy,Rat,315,3,Entertainment/public assembly,Other - Recreation,1917.9,20644,38.9035039800032,-77.00534942,US/Eastern,Yes,,,,,,,,,,,,,,,,,,,,
Rat_public_Sean,Rat,316,3,Public services,Other - Public Services,7297.5,78550,38.9035039800032,-77.00534942,US/Eastern,Yes,,,,,,,,,,,,,,,,,,,,
Rat_office_Jeannie,Rat,317,3,Office,Office,1495.6,16098,38.9035039800032,-77.00534942,US/Eastern,Yes,,,,,,,,,,,,,,,,,,,,
Rat_office_Craig,Rat,318,3,Office,Office,9754.8,105000,38.9035039800032,-77.00534942,US/Eastern,Yes,,,,,,,,,,,,,,,,,,,,
Rat_public_Leo,Rat,319,3,Public services,Fire Station,1217,13100,38.9035039800032,-77.00534942,US/Eastern,Yes,,,,,,,,,,,1929,,,,,,,,,
Rat_education_Dreama,Rat,320,3,Education,K-12 School,9801.3,105500,38.9035039800032,-77.00534942,US/Eastern,Yes,,,,,,,,,,,,,,,,,,,,
Rat_public_Clyde,Rat,321,3,Public services,Fire Station,1478.4,15913,38.9035039800032,-77.00534942,US/Eastern,Yes,,,,,,,,,,,,,,,,,,,,
Rat_education_Renee,Rat,322,3,Education,K-12 School,3445.1,37083,38.9035039800032,-77.00534942,US/Eastern,Yes,,,,,,,,,,,1908,,,,,,,,,
Rat_education_Nellie,Rat,323,3,Education,K-12 School,26217.2,282200,38.9035039800032,-77.00534942,US/Eastern,Yes,,,,,,,,,,,1928,,,,,,,,,
Rat_assembly_Deandre,Rat,324,3,Entertainment/public assembly,Other - Recreation,1106.5,11910,38.9035039800032,-77.00534942,US/Eastern,Yes,,,,,,,,,,,,,,,,,,,,
Rat_education_Winnie,Rat,325,3,Education,Other - Education,5499.9,59200,38.9035039800032,-77.00534942,US/Eastern,Yes,,,,,,,,,,,1959,,,,,,,,,
Rat_assembly_Monica,Rat,326,3,Entertainment/public assembly,Other - Recreation,4231.5,45548,38.9035039800032,-77.00534942,US/Eastern,Yes,,,,,,,,,,,,,,,,,,,,
Rat_education_Kelsey,Rat,327,3,Education,K-12 School,9227.6,99325,38.9035039800032,-77.00534942,US/Eastern,Yes,,,,,,,,,,,1927,,,,,,,,,
Rat_education_Leonardo,Rat,328,3,Education,K-12 School,4385,47200,38.9035039800032,-77.00534942,US/Eastern,Yes,,,,,,,,,,,1935,,,,,,,,,
Rat_assembly_Victorina,Rat,329,3,Entertainment/public assembly,Other - Recreation,291.1,3133,38.9035039800032,-77.00534942,US/Eastern,Yes,,,,,,,,,,,,,,,,,,,,
Rat_education_Rosalyn,Rat,330,3,Education,K-12 School,6038.7,65000,38.9035039800032,-77.00534942,US/Eastern,Yes,,,,,,,,,,,,,,,,,,,,
Rat_education_Theo,Rat,331,3,Education,K-12 School,26830.4,288800,38.9035039800032,-77.00534942,US/Eastern,Yes,,,,,,,,,,,1923,,,,,,,,,
Rat_education_Marcos,Rat,332,3,Education,K-12 School,8398.4,90400,38.9035039800032,-77.00534942,US/Eastern,Yes,,,,,,,,,,,,,,,,,,,,
Rat_education_Earnest,Rat,333,3,Education,K-12 School,5564.9,59900,38.9035039800032,-77.00534942,US/Eastern,Yes,,,,,,,,,,,1962,,,,,,,,,
Rat_education_Eleonora,Rat,,3,Education,K-12 School,10683.8,115000,38.9035039800032,-77.00534942,US/Eastern,Yes,,,,,,,,,,,2004,,,,,,,,,
Rat_education_Zina,Rat,334,3,Education,K-12 School,5304.8,57100,38.9035039800032,-77.00534942,US/Eastern,Yes,,,,,,,,,,,1960,,,,,,,,,
Rat_office_Lora,Rat,335,3,Office,Office,21274.8,229000,38.9035039800032,-77.00534942,US/Eastern,Yes,,,,,,,,,,,2010,,,,,,,,,
Rat_education_Elisa,Rat,336,3,Education,K-12 School,3994.8,43000,38.9035039800032,-77.00534942,US/Eastern,Yes,,,,,,,,,,,1923,,,,,,,,,
Rat_assembly_Teddy,Rat,337,3,Entertainment/public assembly,Swimming Pool,2074.9,22334,38.9035039800032,-77.00534942,US/Eastern,Yes,,,,,,,,,,,1977,,,,,,,,,
Rat_assembly_Aisha,Rat,338,3,Entertainment/public assembly,Other - Recreation,2211.4,23803,38.9035039800032,-77.00534942,US/Eastern,Yes,,,,,,,,,,,1969,,,,,,,,,
Rat_education_Francisca,Rat,339,3,Education,K-12 School,6605.4,71100,38.9035039800032,-77.00534942,US/Eastern,Yes,,,,,,,,,,,,,,,,,,,,
Rat_assembly_Lillie,Rat,340,3,Entertainment/public assembly,Other - Recreation,171.2,1843,38.9035039800032,-77.00534942,US/Eastern,Yes,,,,,,,,,,,,,,,,,,,,
Rat_education_Mavis,Rat,341,3,Education,K-12 School,14678.7,158000,38.9035039800032,-77.00534942,US/Eastern,Yes,,,,,,,,,,,1959,,,,,,,,,
Rat_lodging_Dwight,Rat,342,3,Lodging/residential,Other - Lodging/Residential,1432.6,15420,38.9035039800032,-77.00534942,US/Eastern,Yes,,,,,,,,,,,,,,,,,,,,
Rat_public_Margart,Rat,343,3,Public services,Library,2043.9,22000,38.9035039800032,-77.00534942,US/Eastern,Yes,,,,,,,,,,,,,,,,,,,,
Rat_education_Penny,Rat,,3,Education,K-12 School,7014.2,75500,38.9035039800032,-77.00534942,US/Eastern,Yes,,,,,,,,,,,2007,,,,,,,,,
Rat_education_Paula,Rat,344,3,Education,K-12 School,7200,77500,38.9035039800032,-77.00534942,US/Eastern,Yes,,,,,,,,,,,1942,,,,,,,,,
Rat_lodging_Lakisha,Rat,345,3,Lodging/residential,Multifamily Housing,673.5,7250,38.9035039800032,-77.00534942,US/Eastern,Yes,,,,,,,,,,,,,,,,,,,,
Rat_assembly_Teodoro,Rat,346,3,Entertainment/public assembly,Other - Recreation,1645.2,17709,38.9035039800032,-77.00534942,US/Eastern,Yes,,,,,,,,,,,,,,,,,,,,
Rat_education_Earl,Rat,347,3,Education,K-12 School,7051.3,75900,38.9035039800032,-77.00534942,US/Eastern,Yes,,,,,,,,,,,1974,,,,,,,,,
Rat_education_Veronica,Rat,,3,Education,K-12 School,14307.1,154000,38.9035039800032,-77.00534942,US/Eastern,Yes,,,,,,,,,,,2015,,,,,,,,,
Rat_public_Kelly,Rat,348,3,Public services,Fire Station,982.6,10577,38.9035039800032,-77.00534942,US/Eastern,Yes,,,,,,,,,,,1969,,,,,,,,,
Rat_public_Mabel,Rat,349,3,Public services,Police Station,4189.7,45098,38.9035039800032,-77.00534942,US/Eastern,Yes,,,,,,,,,,,,,,,,,,,,
Rat_education_Nydia,Rat,350,3,Education,K-12 School,7785.3,83800,38.9035039800032,-77.00534942,US/Eastern,Yes,,,,,,,,,,,1944,,,,,,,,,
Rat_education_Fernando,Rat,351,3,Education,K-12 School,5472.7,58908,38.9035039800032,-77.00534942,US/Eastern,Yes,,,,,,,,,,,1910,,,,,,,,,
Rat_education_Pat,Rat,352,3,Education,K-12 School,13461.6,144900,38.9035039800032,-77.00534942,US/Eastern,Yes,,,,,,,,,,,,,,,,,,,,
Rat_education_Milagros,Rat,353,3,Education,K-12 School,9262.4,99700,38.9035039800032,-77.00534942,US/Eastern,Yes,,,,,,,,,,,1955,,,,,,,,,
Rat_education_Barney,Rat,354,3,Education,Other - Education,7200,77500,38.9035039800032,-77.00534942,US/Eastern,Yes,,,,,,,,,,,,,,,,,,,,
Rat_education_Dann,Rat,355,3,Education,K-12 School,16954.8,182500,38.9035039800032,-77.00534942,US/Eastern,Yes,,,,,,,,,,,1970,,,,,,,,,
Rat_public_Julieann,Rat,356,3,Public services,Social/Meeting Hall,402.8,4336,38.9035039800032,-77.00534942,US/Eastern,Yes,,,,,,,,,,,,,,,,,,,,
Rat_lodging_Ted,Rat,357,3,Lodging/residential,Other - Lodging/Residential,185.8,2000,38.9035039800032,-77.00534942,US/Eastern,Yes,,,,,,,,,,,,,,,,,,,,
Rat_education_Royal,Rat,358,3,Education,K-12 School,7218.6,77700,38.9035039800032,-77.00534942,US/Eastern,Yes,,,,,,,,,,,,,,,,,,,,
Rat_public_Tammara,Rat,359,3,Public services,Library,457.5,4925,38.9035039800032,-77.00534942,US/Eastern,Yes,,,,,,,,,,,,,,,,,,,,
Rat_education_Bryant,Rat,360,3,Education,K-12 School,6466,69600,38.9035039800032,-77.00534942,US/Eastern,Yes,,,,,,,,,,,1949,,,,,,,,,
Rat_public_Damon,Rat,361,3,Public services,Fire Station,1228.5,13224,38.9035039800032,-77.00534942,US/Eastern,Yes,,,,,,,,,,,1965,,,,,,,,,
Rat_public_Amber,Rat,362,3,Public services,Social/Meeting Hall,1985.2,21368,38.9035039800032,-77.00534942,US/Eastern,Yes,,,,,,,,,,,,,,,,,,,,
Rat_education_Cinthia,Rat,363,3,Education,K-12 School,6438.2,69300,38.9035039800032,-77.00534942,US/Eastern,Yes,,,,,,,,,,,2017,,,,,,,,,
Rat_education_Lynn,Rat,364,3,Education,K-12 School,7785.3,83800,38.9035039800032,-77.00534942,US/Eastern,Yes,,,,,,,,,,,,,,,,,,,,
Rat_health_Guy,Rat,365,3,Healthcare,Hospital (General Medical & Surgical),76141.2,819577,38.9035039800032,-77.00534942,US/Eastern,Yes,,,,,,,,,,,1922,,,,,,,,,
Rat_public_Carole,Rat,366,3,Public services,Fire Station,923.5,9941,38.9035039800032,-77.00534942,US/Eastern,Yes,,,,,,,,,,,1963,,,,,,,,,
Rat_assembly_Kimberley,Rat,367,3,Entertainment/public assembly,Swimming Pool,1912.3,20584,38.9035039800032,-77.00534942,US/Eastern,Yes,,,,,,,,,,,,,,,,,,,,
Rat_retail_Jeffrey,Rat,368,3,Retail,Retail Store,1532.9,16500,38.9035039800032,-77.00534942,US/Eastern,Yes,,,,,,,,,,,,,,,,,,,,
Rat_public_Joann,Rat,369,3,Public services,Library,597.5,6431,38.9035039800032,-77.00534942,US/Eastern,Yes,,,,,,,,,,,,,,,,,,,,
Rat_assembly_Adolfo,Rat,370,3,Entertainment/public assembly,Other - Recreation,1482.7,15960,38.9035039800032,-77.00534942,US/Eastern,Yes,,,,,,,,,,,2005,,,,,,,,,
Rat_assembly_Pam,Rat,371,3,Entertainment/public assembly,Swimming Pool,516,5554,38.9035039800032,-77.00534942,US/Eastern,Yes,,,,,,,,,,,,,,,,,,,,
Rat_education_Meghan,Rat,372,3,Education,K-12 School,4561.5,49100,38.9035039800032,-77.00534942,US/Eastern,Yes,,,,,,,,,,,1911,,,,,,,,,
Rat_education_Ulrike,Rat,373,3,Education,K-12 School,4318.5,46484,38.9035039800032,-77.00534942,US/Eastern,Yes,,,,,,,,,,,1932,,,,,,,,,
Rat_lodging_Ben,Rat,374,3,Lodging/residential,Other - Lodging/Residential,32516,350000,38.9035039800032,-77.00534942,US/Eastern,Yes,,,,,,,,,,,1949,,,,,,,,,
Rat_office_Colby,Rat,375,3,Office,Office,79000.4,850354,38.9035039800032,-77.00534942,US/Eastern,Yes,,,,,,,,,,,1989,,,,,,,,,
Rat_office_Chris,Rat,376,3,Office,Office,54437,585955,38.9035039800032,-77.00534942,US/Eastern,Yes,,,,,,,,,,,1942,,,,,,,,,
Rat_public_Shanta,Rat,377,3,Public services,Fire Station,1161.8,12506,38.9035039800032,-77.00534942,US/Eastern,Yes,,,,,,,,,,,,,,,,,,,,
Rat_public_Fern,Rat,378,3,Public services,Fire Station,3274,35241,38.9035039800032,-77.00534942,US/Eastern,Yes,,,,,,,,,,,1978,,,,,,,,,
Rat_assembly_Michel,Rat,379,3,Entertainment/public assembly,Other - Recreation,713,7675,38.9035039800032,-77.00534942,US/Eastern,Yes,,,,,,,,,,,,,,,,,,,,
Rat_education_Sherwood,Rat,380,3,Education,K-12 School,8835.1,95100,38.9035039800032,-77.00534942,US/Eastern,Yes,,,,,,,,,,,1927,,,,,,,,,
Rat_assembly_Silvia,Rat,381,3,Entertainment/public assembly,Other - Recreation,172.6,1858,38.9035039800032,-77.00534942,US/Eastern,Yes,,,,,,,,,,,,,,,,,,,,
Rat_education_Carmela,Rat,382,3,Education,K-12 School,4457.9,47984,38.9035039800032,-77.00534942,US/Eastern,Yes,,,,,,,,,,,2002,,,,,,,,,
Rat_education_Chance,Rat,,3,Education,K-12 School,5592.8,60200,38.9035039800032,-77.00534942,US/Eastern,Yes,,,,,,,,,,,1964,,,,,,,,,
Rat_warehouse_Shari,Rat,383,3,Warehouse/storage,Non-Refrigerated Warehouse,2537.9,27318,38.9035039800032,-77.00534942,US/Eastern,Yes,,,,,,,,,,,,,,,,,,,,
Rat_office_Tracy,Rat,384,3,Office,Office,1275.4,13728,38.9035039800032,-77.00534942,US/Eastern,Yes,,,,,,,,,,,,,,,,,,,,
Rat_public_Faye,Rat,385,3,Public services,Fire Station,1712.4,18432,38.9035039800032,-77.00534942,US/Eastern,Yes,,,,,,,,,,,1973,,,,,,,,,
Rat_assembly_Francine,Rat,386,3,Entertainment/public assembly,Other - Recreation,1603.7,17262,38.9035039800032,-77.00534942,US/Eastern,Yes,,,,,,,,,,,2003,,,,,,,,,
Rat_education_Willie,Rat,387,3,Education,K-12 School,9680.5,104200,38.9035039800032,-77.00534942,US/Eastern,Yes,,,,,,,,,,,2009,,,,,,,,,
Rat_public_Sharron,Rat,388,3,Public services,Other - Public Services,2862.3,30810,38.9035039800032,-77.00534942,US/Eastern,Yes,,,,,,,,,,,,,,,,,,,,
Rat_education_Jacob,Rat,389,3,Education,K-12 School,5310.8,57165,38.9035039800032,-77.00534942,US/Eastern,Yes,,,,,,,,,,,2014,,,,,,,,,
Rat_office_Kasey,Rat,390,3,Office,Office,3195.9,34400,38.9035039800032,-77.00534942,US/Eastern,Yes,,,,,,,,,,,,,,,,,,,,
Rat_education_Davis,Rat,391,3,Education,K-12 School,8092.5,87107,38.9035039800032,-77.00534942,US/Eastern,Yes,,,,,,,,,,,,,,,,,,,,
Rat_education_Mona,Rat,392,3,Education,K-12 School,4923.9,53000,38.9035039800032,-77.00534942,US/Eastern,Yes,,,,,,,,,,,1912,,,,,,,,,
Rat_education_Marvin,Rat,393,3,Education,K-12 School,5518.4,59400,38.9035039800032,-77.00534942,US/Eastern,Yes,,,,,,,,,,,1900,,,,,,,,,
Rat_assembly_Trent,Rat,394,3,Entertainment/public assembly,Other - Recreation,329.3,3545,38.9035039800032,-77.00534942,US/Eastern,Yes,,,,,,,,,,,2000,,,,,,,,,
Rat_public_Nancy,Rat,395,3,Public services,Fire Station,829.2,8925,38.9035039800032,-77.00534942,US/Eastern,Yes,,,,,,,,,,,1912,,,,,,,,,
Rat_public_Toya,Rat,396,3,Public services,Social/Meeting Hall,1557.8,16768,38.9035039800032,-77.00534942,US/Eastern,Yes,,,,,,,,,,,1980,,,,,,,,,
Rat_public_Lloyd,Rat,397,3,Public services,Social/Meeting Hall,5022.4,54061,38.9035039800032,-77.00534942,US/Eastern,Yes,,,,,,,,,,,2006,,,,,,,,,
Rat_education_Shellie,Rat,398,3,Education,K-12 School,5778.6,62200,38.9035039800032,-77.00534942,US/Eastern,Yes,,,,,,,,,,,,,,,,,,,,
Rat_education_Terese,Rat,399,3,Education,K-12 School,16722.5,180000,38.9035039800032,-77.00534942,US/Eastern,Yes,,,,,,,,,,,1939,,,,,,,,,
Rat_public_Angelina,Rat,400,3,Public services,Fire Station,1794.4,19315,38.9035039800032,-77.00534942,US/Eastern,Yes,,,,,,,,,,,,,,,,,,,,
Rat_assembly_Cristina,Rat,401,3,Entertainment/public assembly,Other - Recreation,1176.2,12660,38.9035039800032,-77.00534942,US/Eastern,Yes,,,,,,,,,,,,,,,,,,,,
Rat_public_Darren,Rat,402,3,Public services,Fire Station,261.8,2818,38.9035039800032,-77.00534942,US/Eastern,Yes,,,,,,,,,,,,,,,,,,,,
Rat_education_Jeanne,Rat,403,3,Education,K-12 School,4598.7,49500,38.9035039800032,-77.00534942,US/Eastern,Yes,,,,,,,,,,,1962,,,,,,,,,
Rat_public_Wilbur,Rat,404,3,Public services,Fire Station,537.3,5783,38.9035039800032,-77.00534942,US/Eastern,Yes,,,,,,,,,,,,,,,,,,,,
Rat_education_Stuart,Rat,405,3,Education,K-12 School,7636.6,82200,38.9035039800032,-77.00534942,US/Eastern,Yes,,,,,,,,,,,1916,,,,,,,,,
Rat_assembly_Erwin,Rat,406,3,Entertainment/public assembly,Other - Entertainment/Public Assembly,218,2347,38.9035039800032,-77.00534942,US/Eastern,Yes,,,,,,,,,,,,,,,,,,,,
Rat_education_Alyson,Rat,,3,Education,K-12 School,15561.3,167500,38.9035039800032,-77.00534942,US/Eastern,Yes,,,,,,,,,,,,,,,,,,,,
Rat_education_Kathryn,Rat,407,3,Education,K-12 School,30213.6,325217,38.9035039800032,-77.00534942,US/Eastern,Yes,,,,,,,,,,,2006,,,,,,,,,
Rat_assembly_Damaris,Rat,408,3,Entertainment/public assembly,Other - Recreation,1495.6,16098,38.9035039800032,-77.00534942,US/Eastern,Yes,,,,,,,,,,,1929,,,,,,,,,
Rat_education_Donnell,Rat,,3,Education,K-12 School,7413.7,79800,38.9035039800032,-77.00534942,US/Eastern,Yes,,,,,,,,,,,1924,,,,,,,,,
Rat_education_Candida,Rat,409,3,Education,K-12 School,3576.8,38500,38.9035039800032,-77.00534942,US/Eastern,Yes,,,,,,,,,,,2016,,,,,,,,,
Rat_education_Adrian,Rat,410,3,Education,K-12 School,5956.3,64113,38.9035039800032,-77.00534942,US/Eastern,Yes,,,,,,,,,,,1924,,,,,,,,,
Rat_assembly_Aubrey,Rat,411,3,Entertainment/public assembly,Other - Recreation,570.3,6139,38.9035039800032,-77.00534942,US/Eastern,Yes,,,,,,,,,,,,,,,,,,,,
Rat_education_Mose,Rat,412,3,Education,K-12 School,10219.3,110000,38.9035039800032,-77.00534942,US/Eastern,Yes,,,,,,,,,,,,,,,,,,,,
Rat_assembly_Myrna,Rat,,3,Entertainment/public assembly,Other - Recreation,223.6,2407,38.9035039800032,-77.00534942,US/Eastern,Yes,,,,,,,,,,,,,,,,,,,,
Rat_warehouse_Maegan,Rat,413,3,Warehouse/storage,Non-Refrigerated Warehouse,1378.6,14839,38.9035039800032,-77.00534942,US/Eastern,Yes,,,,,,,,,,,2005,,,,,,,,,
Rat_assembly_Viola,Rat,414,3,Entertainment/public assembly,Other - Recreation,3380.5,36387,38.9035039800032,-77.00534942,US/Eastern,Yes,,,,,,,,,,,,,,,,,,,,
Rat_education_Jesse,Rat,415,3,Education,K-12 School,3839.6,41329,38.9035039800032,-77.00534942,US/Eastern,Yes,,,,,,,,,,,,,,,,,,,,
Rat_education_Tristan,Rat,,3,Education,K-12 School,10228.6,110100,38.9035039800032,-77.00534942,US/Eastern,Yes,,,,,,,,,,,1907,,,,,,,,,
Rat_public_Deidre,Rat,416,3,Public services,Fire Station,657.7,7079,38.9035039800032,-77.00534942,US/Eastern,Yes,,,,,,,,,,,,,,,,,,,,
Rat_education_Maricela,Rat,417,3,Education,K-12 School,6466,69600,38.9035039800032,-77.00534942,US/Eastern,Yes,,,,,,,,,,,1978,,,,,,,,,
Rat_assembly_Mirta,Rat,418,3,Entertainment/public assembly,Other - Recreation,8000.8,86120,38.9035039800032,-77.00534942,US/Eastern,Yes,,,,,,,,,,,1926,,,,,,,,,
Rat_education_Nona,Rat,419,3,Education,K-12 School,25204.6,271300,38.9035039800032,-77.00534942,US/Eastern,Yes,,,,,,,,,,,1940,,,,,,,,,
Rat_public_Angle,Rat,420,3,Public services,Social/Meeting Hall,7562,81397,38.9035039800032,-77.00534942,US/Eastern,Yes,,,,,,,,,,,2004,,,,,,,,,
Rat_assembly_Jamie,Rat,421,3,Entertainment/public assembly,Other - Recreation,1047.4,11274,38.9035039800032,-77.00534942,US/Eastern,Yes,,,,,,,,,,,,,,,,,,,,
Rat_public_Allie,Rat,422,3,Public services,Library,810.7,8726,38.9035039800032,-77.00534942,US/Eastern,Yes,,,,,,,,,,,,,,,,,,,,
Rat_assembly_Pauline,Rat,423,3,Entertainment/public assembly,Other - Recreation,90,969,38.9035039800032,-77.00534942,US/Eastern,Yes,,,,,,,,,,,,,,,,,,,,
Rat_public_Jason,Rat,424,3,Public services,Social/Meeting Hall,3021.9,32527,38.9035039800032,-77.00534942,US/Eastern,Yes,,,,,,,,,,,,,,,,,,,,
Rat_warehouse_Eloisa,Rat,425,3,Warehouse/storage,Non-Refrigerated Warehouse,18843.4,202829,38.9035039800032,-77.00534942,US/Eastern,Yes,,,,,,,,,,,1983,,,,,,,,,
Rat_education_Keith,Rat,426,3,Education,K-12 School,9420.4,101400,38.9035039800032,-77.00534942,US/Eastern,Yes,,,,,,,,,,,1930,,,,,,,,,
Rat_public_Neil,Rat,427,3,Public services,Social/Meeting Hall,1325.6,14269,38.9035039800032,-77.00534942,US/Eastern,Yes,,,,,,,,,,,,,,,,,,,,
Rat_assembly_Alex,Rat,428,3,Entertainment/public assembly,Other - Recreation,129.7,1396,38.9035039800032,-77.00534942,US/Eastern,Yes,,,,,,,,,,,,,,,,,,,,
Rat_education_Romana,Rat,,3,Education,K-12 School,4403.6,47400,38.9035039800032,-77.00534942,US/Eastern,Yes,,,,,,,,,,,1929,,,,,,,,,
Rat_public_Laverne,Rat,429,3,Public services,Fire Station,1108.7,11934,38.9035039800032,-77.00534942,US/Eastern,Yes,,,,,,,,,,,1930,,,,,,,,,
Rat_public_Sharonda,Rat,430,3,Public services,Fire Station,2222.1,23918,38.9035039800032,-77.00534942,US/Eastern,Yes,,,,,,,,,,,,,,,,,,,,
Rat_parking_Ronnie,Rat,431,3,Parking,Parking,163.5,1760,38.9035039800032,-77.00534942,US/Eastern,Yes,,,,,,,,,,,,,,,,,,,,
Rat_public_Kimber,Rat,432,3,Public services,Police Station,9587.6,103200,38.9035039800032,-77.00534942,US/Eastern,Yes,,,,,,,,,,,,,,,,,,,,
Rat_assembly_Kenya,Rat,433,3,Entertainment/public assembly,Other - Recreation,2141.9,23055,38.9035039800032,-77.00534942,US/Eastern,Yes,,,,,,,,,,,,,,,,,,,,
Rat_education_Imelda,Rat,434,3,Education,K-12 School,3669.7,39500,38.9035039800032,-77.00534942,US/Eastern,Yes,,,,,,,,,,,,,,,,,,,,
Rat_office_Loyd,Rat,435,3,Office,Office,2779.3,29916,38.9035039800032,-77.00534942,US/Eastern,Yes,,,,,,,,,,,2002,,,,,,,,,
Rat_lodging_Ardell,Rat,436,3,Lodging/residential,Other - Lodging/Residential,1446.9,15574,38.9035039800032,-77.00534942,US/Eastern,Yes,,,,,,,,,,,,,,,,,,,,
Rat_assembly_Kristy,Rat,437,3,Entertainment/public assembly,Other - Recreation,1082.4,11651,38.9035039800032,-77.00534942,US/Eastern,Yes,,,,,,,,,,,,,,,,,,,,
Rat_public_Stella,Rat,438,3,Public services,Fire Station,3396.7,36562,38.9035039800032,-77.00534942,US/Eastern,Yes,,,,,,,,,,,,,,,,,,,,
Rat_office_Randy,Rat,439,3,Office,Office,5779,62205,38.9035039800032,-77.00534942,US/Eastern,Yes,,,,,,,,,,,,,,,,,,,,
Rat_public_Michelle,Rat,440,3,Public services,Other - Public Services,3254.7,35033,38.9035039800032,-77.00534942,US/Eastern,Yes,,,,,,,,,,,1962,,,,,,,,,
Rat_public_Mark,Rat,441,3,Public services,Other - Public Services,303.5,3267,38.9035039800032,-77.00534942,US/Eastern,Yes,,,,,,,,,,,,,,,,,,,,
Rat_education_Dana,Rat,442,3,Education,K-12 School,6577.5,70800,38.9035039800032,-77.00534942,US/Eastern,Yes,,,,,,,,,,,1964,,,,,,,,,
Rat_education_Brett,Rat,443,3,Education,K-12 School,10126.4,109000,38.9035039800032,-77.00534942,US/Eastern,Yes,,,,,,,,,,,1940,,,,,,,,,
Rat_public_Fredrick,Rat,444,3,Public services,Fire Station,1202.6,12945,38.9035039800032,-77.00534942,US/Eastern,Yes,,,,,,,,,,,1960,,,,,,,,,
Rat_education_Jena,Rat,445,3,Education,K-12 School,3804.4,40950,38.9035039800032,-77.00534942,US/Eastern,Yes,,,,,,,,,,,1910,,,,,,,,,
Rat_public_Loretta,Rat,446,3,Public services,Police Station,4087,43992,38.9035039800032,-77.00534942,US/Eastern,Yes,,,,,,,,,,,,,,,,,,,,
Rat_public_Roma,Rat,447,3,Public services,Library,1994.8,21472,38.9035039800032,-77.00534942,US/Eastern,Yes,,,,,,,,,,,2011,,,,,,,,,
Rat_office_Jessica,Rat,448,3,Office,Office,30542.8,328760,38.9035039800032,-77.00534942,US/Eastern,Yes,,,,,,,,,,,1904,,,,,,,,,
Rat_lodging_Marguerite,Rat,449,3,Lodging/residential,Other - Lodging/Residential,1703.8,18340,38.9035039800032,-77.00534942,US/Eastern,Yes,,,,,,,,,,,1900,,,,,,,,,
Rat_education_Lincoln,Rat,450,3,Education,K-12 School,10857.8,116872,38.9035039800032,-77.00534942,US/Eastern,Yes,,,,,,,,,,,1931,,,,,,,,,
Rat_assembly_Rosemarie,Rat,451,3,Entertainment/public assembly,Other - Recreation,465.7,5013,38.9035039800032,-77.00534942,US/Eastern,Yes,,,,,,,,,,,,,,,,,,,,
Rat_education_Morton,Rat,452,3,Education,K-12 School,14409.3,155100,38.9035039800032,-77.00534942,US/Eastern,Yes,,,,,,,,,,,1931,,,,,,,,,
Rat_public_Corinne,Rat,453,3,Public services,Fire Station,2311,24875,38.9035039800032,-77.00534942,US/Eastern,Yes,,,,,,,,,,,1984,,,,,,,,,
Rat_public_Isabel,Rat,454,3,Public services,Library,1540,16576,38.9035039800032,-77.00534942,US/Eastern,Yes,,,,,,,,,,,1932,,,,,,,,,
Rat_health_Tanya,Rat,455,3,Healthcare,Urgent Care Center/Clinic/Other Outpatient Office,2712,29192,38.9035039800032,-77.00534942,US/Eastern,Yes,,,,,,,,,,,2014,,,,,,,,,
Rat_public_Frederick,Rat,456,3,Public services,Police Station,1312.3,14125,38.9035039800032,-77.00534942,US/Eastern,Yes,,,,,,,,,,,,,,,,,,,,
Rat_education_Guillermo,Rat,457,3,Education,K-12 School,7404.4,79700,38.9035039800032,-77.00534942,US/Eastern,Yes,,,,,,,,,,,1932,,,,,,,,,
Rat_assembly_Horace,Rat,458,3,Entertainment/public assembly,Other - Recreation,426.3,4589,38.9035039800032,-77.00534942,US/Eastern,Yes,,,,,,,,,,,,,,,,,,,,
Rat_assembly_Frieda,Rat,459,3,Entertainment/public assembly,Other - Recreation,3413.6,36744,38.9035039800032,-77.00534942,US/Eastern,Yes,,,,,,,,,,,2004,,,,,,,,,
Rat_public_Courtney,Rat,460,3,Public services,Library,1665.5,17927,38.9035039800032,-77.00534942,US/Eastern,Yes,,,,,,,,,,,,,,,,,,,,
Rat_education_Zoe,Rat,461,3,Education,K-12 School,6447.5,69400,38.9035039800032,-77.00534942,US/Eastern,Yes,,,,,,,,,,,1959,,,,,,,,,
Rat_public_Tommy,Rat,462,3,Public services,Police Station,857.1,9226,38.9035039800032,-77.00534942,US/Eastern,Yes,,,,,,,,,,,,,,,,,,,,
Rat_public_Kermit,Rat,463,3,Public services,Library,2322.6,25000,38.9035039800032,-77.00534942,US/Eastern,Yes,,,,,,,,,,,,,,,,,,,,
Rat_public_Becky,Rat,464,3,Public services,Fire Station,911.9,9816,38.9035039800032,-77.00534942,US/Eastern,Yes,,,,,,,,,,,,,,,,,,,,
Rat_office_Annis,Rat,465,3,Office,Office,594.6,6400,38.9035039800032,-77.00534942,US/Eastern,Yes,,,,,,,,,,,,,,,,,,,,
Rat_assembly_Don,Rat,,3,Entertainment/public assembly,Other - Recreation,183.7,1977,38.9035039800032,-77.00534942,US/Eastern,Yes,,,,,,,,,,,,,,,,,,,,
Rat_public_Percy,Rat,,3,Public services,Police Station,3945.6,42470,38.9035039800032,-77.00534942,US/Eastern,Yes,,,,,,,,,,,,,,,,,,,,
Rat_public_Emilee,Rat,466,3,Public services,Library,2090.3,22500,38.9035039800032,-77.00534942,US/Eastern,Yes,,,,,,,,,,,,,,,,,,,,
Rat_public_Caroline,Rat,467,3,Public services,Police Station,4407.2,47439,38.9035039800032,-77.00534942,US/Eastern,Yes,,,,,,,,,,,,,,,,,,,,
Rat_office_Arron,Rat,468,3,Office,Office,3716.1,40000,38.9035039800032,-77.00534942,US/Eastern,Yes,,,,,,,,,,,,,,,,,,,,
Rat_public_Norene,Rat,469,3,Public services,Fire Station,1211.8,13044,38.9035039800032,-77.00534942,US/Eastern,Yes,,,,,,,,,,,1913,,,,,,,,,
Rat_public_Yetta,Rat,,3,Public services,Library,1980.5,21318,38.9035039800032,-77.00534942,US/Eastern,Yes,,,,,,,,,,,1954,,,,,,,,,
Rat_public_Michael,Rat,470,3,Public services,Library,2287.1,24618,38.9035039800032,-77.00534942,US/Eastern,Yes,,,,,,,,,,,,,,,,,,,,
Rat_education_Roxanne,Rat,,3,Education,K-12 School,15115.3,162700,38.9035039800032,-77.00534942,US/Eastern,Yes,,,,,,,,,,,1977,,,,,,,,,
Rat_education_Patty,Rat,471,3,Education,K-12 School,15793.5,170000,38.9035039800032,-77.00534942,US/Eastern,Yes,,,,,,,,,,,1956,,,,,,,,,
Rat_education_Liz,Rat,472,3,Education,K-12 School,6447.5,69400,38.9035039800032,-77.00534942,US/Eastern,Yes,,,,,,,,,,,1911,,,,,,,,,
Rat_public_Josiah,Rat,473,3,Public services,Police Station,4274.2,46007,38.9035039800032,-77.00534942,US/Eastern,Yes,,,,,,,,,,,1950,,,,,,,,,
Rat_public_Leta,Rat,474,3,Public services,Fire Station,943.1,10151,38.9035039800032,-77.00534942,US/Eastern,Yes,,,,,,,,,,,1966,,,,,,,,,
Rat_office_Avis,Rat,475,3,Office,Office,44099.2,474680,38.9035039800032,-77.00534942,US/Eastern,Yes,,,,,,,,,,,1986,,,,,,,,,
Rat_assembly_Donny,Rat,476,3,Entertainment/public assembly,Other - Recreation,102.4,1102,38.9035039800032,-77.00534942,US/Eastern,Yes,,,,,,,,,,,,,,,,,,,,
Rat_public_Sade,Rat,477,3,Public services,Fire Station,2006.7,21600,38.9035039800032,-77.00534942,US/Eastern,Yes,,,,,,,,,,,,,,,,,,,,
Rat_lodging_Christine,Rat,478,3,Lodging/residential,Other - Lodging/Residential,2906.3,31283,38.9035039800032,-77.00534942,US/Eastern,Yes,,,,,,,,,,,1935,,,,,,,,,
Rat_public_Johnna,Rat,,3,Public services,Fire Station,1465.5,15775,38.9035039800032,-77.00534942,US/Eastern,Yes,,,,,,,,,,,,,,,,,,,,
Rat_public_Berry,Rat,479,3,Public services,Police Station,4083.6,43955,38.9035039800032,-77.00534942,US/Eastern,Yes,,,,,,,,,,,1978,,,,,,,,,
Rat_office_Rosemary,Rat,480,3,Office,Office,2787.1,30000,38.9035039800032,-77.00534942,US/Eastern,Yes,,,,,,,,,,,,,,,,,,,,
Rat_education_Adell,Rat,481,3,Education,K-12 School,9689.2,104294,38.9035039800032,-77.00534942,US/Eastern,Yes,,,,,,,,,,,1976,,,,,,,,,
Rat_education_Beverly,Rat,482,3,Education,K-12 School,36603.8,394000,38.9035039800032,-77.00534942,US/Eastern,Yes,,,,,,,,,,,2013,,,,,,,,,
Rat_education_Alfred,Rat,483,3,Education,K-12 School,19230.9,207000,38.9035039800032,-77.00534942,US/Eastern,Yes,,,,,,,,,,,1935,,,,,,,,,
Rat_public_Allyson,Rat,484,3,Public services,Library,1672.3,18000,38.9035039800032,-77.00534942,US/Eastern,Yes,,,,,,,,,,,,,,,,,,,,
Rat_public_Yessenia,Rat,485,3,Public services,Library,2043.9,22000,38.9035039800032,-77.00534942,US/Eastern,Yes,,,,,,,,,,,2007,,,,,,,,,
Rat_education_Everett,Rat,486,3,Education,K-12 School,8024.5,86375,38.9035039800032,-77.00534942,US/Eastern,Yes,,,,,,,,,,,1903,,,,,,,,,
Rat_education_Edmund,Rat,487,3,Education,K-12 School,6187.3,66600,38.9035039800032,-77.00534942,US/Eastern,Yes,,,,,,,,,,,1959,,,,,,,,,
Rat_education_Esther,Rat,488,3,Education,K-12 School,6466,69600,38.9035039800032,-77.00534942,US/Eastern,Yes,,,,,,,,,,,1908,,,,,,,,,
Rat_education_Alonzo,Rat,,3,Education,K-12 School,6015.5,64750,38.9035039800032,-77.00534942,US/Eastern,Yes,,,,,,,,,,,1932,,,,,,,,,
Rat_education_Matt,Rat,,3,Education,K-12 School,10405.1,112000,38.9035039800032,-77.00534942,US/Eastern,Yes,,,,,,,,,,,,,,,,,,,,
Rat_education_Alfonso,Rat,489,3,Education,K-12 School,7900.4,85039,38.9035039800032,-77.00534942,US/Eastern,Yes,,,,,,,,,,,1925,,,,,,,,,
Rat_education_Robyn,Rat,490,3,Education,K-12 School,9188.1,98900,38.9035039800032,-77.00534942,US/Eastern,Yes,,,,,,,,,,,1961,,,,,,,,,
Rat_education_Verna,Rat,491,3,Education,K-12 School,6187.3,66600,38.9035039800032,-77.00534942,US/Eastern,Yes,,,,,,,,,,,1970,,,,,,,,,
Rat_education_Vicky,Rat,492,3,Education,K-12 School,18004.6,193800,38.9035039800032,-77.00534942,US/Eastern,Yes,,,,,,,,,,,,,,,,,,,,
Rat_education_Lee,Rat,493,3,Education,K-12 School,26291.5,283000,38.9035039800032,-77.00534942,US/Eastern,Yes,,,,,,,,,,,2014,,,,,,,,,
Rat_education_Irma,Rat,494,3,Education,K-12 School,6763.3,72800,38.9035039800032,-77.00534942,US/Eastern,Yes,,,,,,,,,,,1959,,,,,,,,,
Rat_education_Abigail,Rat,,3,Education,K-12 School,8825.8,95000,38.9035039800032,-77.00534942,US/Eastern,Yes,,,,,,,,,,,1976,,,,,,,,,
Rat_education_Tim,Rat,495,3,Education,K-12 School,4412.9,47500,38.9035039800032,-77.00534942,US/Eastern,Yes,,,,,,,,,,,1968,,,,,,,,,
Rat_public_Wilma,Rat,496,3,Public services,Library,1505,16200,38.9035039800032,-77.00534942,US/Eastern,Yes,,,,,,,,,,,,,,,,,,,,
Rat_public_Dexter,Rat,497,3,Public services,Fire Station,718.3,7732,38.9035039800032,-77.00534942,US/Eastern,Yes,,,,,,,,,,,,,,,,,,,,
Rat_assembly_Ida,Rat,498,3,Entertainment/public assembly,Other - Recreation,1378.9,14842,38.9035039800032,-77.00534942,US/Eastern,Yes,,,,,,,,,,,,,,,,,,,,
Rat_education_Elsie,Rat,499,3,Education,K-12 School,34978.6,376507,38.9035039800032,-77.00534942,US/Eastern,Yes,,,,,,,,,,,2011,,,,,,,,,
Rat_assembly_Karen,Rat,,3,Entertainment/public assembly,Other - Recreation,5852.9,63000,38.9035039800032,-77.00534942,US/Eastern,Yes,,,,,,,,,,,,,,,,,,,,
Rat_education_Humberto,Rat,500,3,Education,K-12 School,9288,99975,38.9035039800032,-77.00534942,US/Eastern,Yes,,,,,,,,,,,1968,,,,,,,,,
Rat_education_Cedric,Rat,501,3,Education,K-12 School,6169.1,66404,38.9035039800032,-77.00534942,US/Eastern,Yes,,,,,,,,,,,,,,,,,,,,
Rat_education_Willy,Rat,,3,Education,K-12 School,8138.3,87600,38.9035039800032,-77.00534942,US/Eastern,Yes,,,,,,,,,,,1946,,,,,,,,,
Rat_public_Tricia,Rat,502,3,Public services,Other - Public Services,558.3,6010,38.9035039800032,-77.00534942,US/Eastern,Yes,,,,,,,,,,,,,,,,,,,,
Rat_other_Lan,Rat,503,3,Other,Other,999.8,10762,38.9035039800032,-77.00534942,US/Eastern,Yes,,,,,,,,,,,,,,,,,,,,
Rat_warehouse_Doretta,Rat,504,3,Warehouse/storage,Non-Refrigerated Warehouse,10454.9,112536,38.9035039800032,-77.00534942,US/Eastern,Yes,,,,,,,,,,,,,,,,,,,,
Rat_warehouse_Breanna,Rat,505,3,Warehouse/storage,Non-Refrigerated Warehouse,4795.8,51622,38.9035039800032,-77.00534942,US/Eastern,Yes,,,,,,,,,,,1975,,,,,,,,,
Rat_other_Hazel,Rat,506,3,Other,Other,3195.9,34400,38.9035039800032,-77.00534942,US/Eastern,Yes,,,,,,,,,,,,,,,,,,,,
Rat_education_Cecil,Rat,507,3,Education,K-12 School,5681.1,61151,38.9035039800032,-77.00534942,US/Eastern,Yes,,,,,,,,,,,,,,,,,,,,
Rat_other_Daphne,Rat,508,3,Other,Other,10431.4,112283,38.9035039800032,-77.00534942,US/Eastern,Yes,,,,,,,,,,,,,,,,,,,,
Rat_other_Al,Rat,509,3,Other,Other,982.7,10578,38.9035039800032,-77.00534942,US/Eastern,Yes,,,,,,,,,,,,,,,,,,,,
Rat_public_Frank,Rat,510,3,Public services,Other - Public Services,425.6,4581,38.9035039800032,-77.00534942,US/Eastern,Yes,,,,,,,,,,,,,,,,,,,,
Rat_public_Grover,Rat,511,3,Public services,Police Station,1144.2,12316,38.9035039800032,-77.00534942,US/Eastern,Yes,,,,,,,,,,,,,,,,,,,,
Rat_lodging_Jeannette,Rat,512,3,Lodging/residential,Other - Lodging/Residential,464.5,5000,38.9035039800032,-77.00534942,US/Eastern,Yes,,,,,,,,,,,2010,,,,,,,,,
Rat_public_Duane,Rat,513,3,Public services,Police Station,10431.4,112283,38.9035039800032,-77.00534942,US/Eastern,Yes,,,,,,,,,,,,,,,,,,,,
Rat_public_Laura,Rat,514,3,Public services,Other - Public Services,1184.5,12750,38.9035039800032,-77.00534942,US/Eastern,Yes,,,,,,,,,,,,,,,,,,,,
Rat_education_Marianna,Rat,515,3,Education,K-12 School,5936.5,63900,38.9035039800032,-77.00534942,US/Eastern,Yes,,,,,,,,,,,1921,,,,,,,,,
Rat_public_Vickie,Rat,516,3,Public services,Other - Public Services,836.1,9000,38.9035039800032,-77.00534942,US/Eastern,Yes,,,,,,,,,,,,,,,,,,,,
Rat_lodging_Lucille,Rat,517,3,Lodging/residential,Other - Lodging/Residential,205.3,2210,38.9035039800032,-77.00534942,US/Eastern,Yes,,,,,,,,,,,,,,,,,,,,
Rat_public_Bronwyn,Rat,518,3,Public services,Other - Public Services,51583.7,555243,38.9035039800032,-77.00534942,US/Eastern,Yes,,,,,,,,,,,1941,,,,,,,,,
Rat_public_Alanna,Rat,519,3,Public services,Prison/Incarceration,42888.4,461647,38.9035039800032,-77.00534942,US/Eastern,Yes,,,,,,,,,,,1976,,,,,,,,,
Rat_office_Olivia,Rat,520,3,Office,Office,2564.1,27600,38.9035039800032,-77.00534942,US/Eastern,Yes,,,,,,,,,,,,,,,,,,,,
Rat_public_Kathleen,Rat,521,3,Public services,Other - Public Services,1114.8,12000,38.9035039800032,-77.00534942,US/Eastern,Yes,,,,,,,,,,,,,,,,,,,,
Rat_office_Mei,Rat,522,3,Office,Office,743.2,8000,38.9035039800032,-77.00534942,US/Eastern,Yes,,,,,,,,,,,,,,,,,,,,
Rat_assembly_Ruth,Rat,523,3,Entertainment/public assembly,Other - Recreation,903.6,9726,38.9035039800032,-77.00534942,US/Eastern,Yes,,,,,,,,,,,,,,,,,,,,
Rat_public_Laurie,Rat,524,3,Public services,Other - Public Services,12459.6,134114,38.9035039800032,-77.00534942,US/Eastern,Yes,,,,,,,,,,,,,,,,,,,,
Rat_public_Desiree,Rat,525,3,Public services,Fire Station,841.9,9062,38.9035039800032,-77.00534942,US/Eastern,Yes,,,,,,,,,,,,,,,,,,,,
Rat_public_Ulysses,Rat,,3,Public services,Fire Station,1152.8,12409,38.9035039800032,-77.00534942,US/Eastern,Yes,,,,,,,,,,,,,,,,,,,,
Rat_public_Johnny,Rat,526,3,Public services,Other - Public Services,709.4,7636,38.9035039800032,-77.00534942,US/Eastern,Yes,,,,,,,,,,,,,,,,,,,,
Rat_public_Tamra,Rat,527,3,Public services,Fire Station,872.5,9392,38.9035039800032,-77.00534942,US/Eastern,Yes,,,,,,,,,,,,,,,,,,,,
Rat_public_Elmira,Rat,528,3,Public services,Fire Station,1035.2,11143,38.9035039800032,-77.00534942,US/Eastern,Yes,,,,,,,,,,,,,,,,,,,,
Rat_public_Ramona,Rat,529,3,Public services,Fire Station,1348.9,14519,38.9035039800032,-77.00534942,US/Eastern,Yes,,,,,,,,,,,1908,,,,,,,,,
Rat_public_Alexander,Rat,,3,Public services,Police Station,2787.1,30000,38.9035039800032,-77.00534942,US/Eastern,Yes,,,,,,,,,,,,,,,,,,,,
Rat_public_Hortencia,Rat,530,3,Public services,Other - Public Services,13378,144000,38.9035039800032,-77.00534942,US/Eastern,Yes,,,,,,,,,,,,,,,,,,,,
Rat_education_Susana,Rat,,3,Education,K-12 School,28056.7,302000,38.9035039800032,-77.00534942,US/Eastern,Yes,,,,,,,,,,,,,,,,,,,,
Rat_public_Marcellus,Rat,531,3,Public services,Other - Public Services,6336.3,68203,38.9035039800032,-77.00534942,US/Eastern,Yes,,,,,,,,,,,,,,,,,,,,
Rat_assembly_Rolland,Rat,532,3,Entertainment/public assembly,Swimming Pool,662.7,7133,38.9035039800032,-77.00534942,US/Eastern,Yes,,,,,,,,,,,,,,,,,,,,
Rat_lodging_Marion,Rat,533,3,Lodging/residential,Other - Lodging/Residential,1105.5,11900,38.9035039800032,-77.00534942,US/Eastern,Yes,,,,,,,,,,,,,,,,,,,,
Rat_assembly_Kelley,Rat,534,3,Entertainment/public assembly,Other - Recreation,83.4,898,38.9035039800032,-77.00534942,US/Eastern,Yes,,,,,,,,,,,,,,,,,,,,
Rat_health_Rosaria,Rat,535,3,Healthcare,Senior Care Community,1393.5,15000,38.9035039800032,-77.00534942,US/Eastern,Yes,,,,,,,,,,,2010,,,,,,,,,
Rat_assembly_Suzanne,Rat,536,3,Entertainment/public assembly,Other - Recreation,182.3,1962,38.9035039800032,-77.00534942,US/Eastern,Yes,,,,,,,,,,,,,,,,,,,,
Rat_education_Dianne,Rat,537,3,Education,K-12 School,6800.5,73200,38.9035039800032,-77.00534942,US/Eastern,Yes,,,,,,,,,,,1959,,,,,,,,,
Rat_religion_Kathy,Rat,538,3,Religious worship,Worship Facility,929,10000,38.9035039800032,-77.00534942,US/Eastern,Yes,,,,,,,,,,,2010,,,,,,,,,
Rat_assembly_Gwen,Rat,539,3,Entertainment/public assembly,Other - Recreation,136.8,1473,38.9035039800032,-77.00534942,US/Eastern,Yes,,,,,,,,,,,,,,,,,,,,
Rat_education_Sina,Rat,540,3,Education,K-12 School,8203.3,88300,38.9035039800032,-77.00534942,US/Eastern,Yes,,,,,,,,,,,1909,,,,,,,,,
Rat_lodging_Lorenzo,Rat,541,3,Lodging/residential,Other - Lodging/Residential,239.9,2582,38.9035039800032,-77.00534942,US/Eastern,Yes,,,,,,,,,,,,,,,,,,,,
Rat_education_Deanna,Rat,542,3,Education,K-12 School,6215.2,66900,38.9035039800032,-77.00534942,US/Eastern,Yes,,,,,,,,,,,1969,,,,,,,,,
Rat_assembly_Archie,Rat,543,3,Entertainment/public assembly,Other - Recreation,74.4,801,38.9035039800032,-77.00534942,US/Eastern,Yes,,,,,,,,,,,,,,,,,,,,
Rat_public_Lea,Rat,544,3,Public services,Other - Public Services,10293.7,110800,38.9035039800032,-77.00534942,US/Eastern,Yes,,,,,,,,,,,1972,,,,,,,,,
Rat_education_Yu,Rat,545,3,Education,K-12 School,2034.9,21903,38.9035039800032,-77.00534942,US/Eastern,Yes,,,,,,,,,,,1931,,,,,,,,,
Rat_public_Sana,Rat,546,3,Public services,Library,37161.2,400000,38.9035039800032,-77.00534942,US/Eastern,Yes,,,,,,,,,,,1971,,,,,,,,,
Rat_health_Gaye,Rat,547,3,Healthcare,Other/Specialty Hospital,2220.7,23903,38.9035039800032,-77.00534942,US/Eastern,Yes,,,,,,,,,,,,,,,,,,,,
Rat_health_Mildred,Rat,548,3,Healthcare,Senior Care Community,911.7,9813,38.9035039800032,-77.00534942,US/Eastern,Yes,,,,,,,,,,,2010,,,,,,,,,
Rat_public_Helena,Rat,549,3,Public services,Other - Public Services,1184.9,12754,38.9035039800032,-77.00534942,US/Eastern,Yes,,,,,,,,,,,1968,,,,,,,,,
Rat_public_Nelson,Rat,550,3,Public services,Library,1486.4,16000,38.9035039800032,-77.00534942,US/Eastern,Yes,,,,,,,,,,,2014,,,,,,,,,
Rat_office_Jacinta,Rat,551,3,Office,Office,2835.9,30525,38.9035039800032,-77.00534942,US/Eastern,Yes,,,,,,,,,,,,,,,,,,,,
Rat_public_Kelle,Rat,552,3,Public services,Library,1868.3,20110,38.9035039800032,-77.00534942,US/Eastern,Yes,,,,,,,,,,,1936,,,,,,,,,
Rat_education_Kristie,Rat,,3,Education,K-12 School,5778.6,62200,38.9035039800032,-77.00534942,US/Eastern,Yes,,,,,,,,,,,2004,,,,,,,,,
Rat_education_Jame,Rat,553,3,Education,K-12 School,3511.7,37800,38.9035039800032,-77.00534942,US/Eastern,Yes,,,,,,,,,,,,,,,,,,,,
Rat_assembly_Kaitlyn,Rat,554,3,Entertainment/public assembly,Other - Recreation,2432.9,26187,38.9035039800032,-77.00534942,US/Eastern,Yes,,,,,,,,,,,,,,,,,,,,
Rat_education_Gricelda,Rat,555,3,Education,K-12 School,2081,22400,38.9035039800032,-77.00534942,US/Eastern,Yes,,,,,,,,,,,,,,,,,,,,
Rat_health_Shane,Rat,556,3,Healthcare,Hospital (General Medical & Surgical),41806.4,450000,38.9035039800032,-77.00534942,US/Eastern,Yes,,,,,,,,,,,2012,,,,,,,,,
Rat_health_Ann,Rat,,3,Healthcare,Other/Specialty Hospital,7478.7,80500,38.9035039800032,-77.00534942,US/Eastern,Yes,,,,,,,,,,,1958,,,,,,,,,
Rat_public_Sue,Rat,557,3,Public services,Library,1765.2,19000,38.9035039800032,-77.00534942,US/Eastern,Yes,,,,,,,,,,,,,,,,,,,,
Rat_office_Ramiro,Rat,558,3,Office,Office,8297.6,89315,38.9035039800032,-77.00534942,US/Eastern,Yes,,,,,,,,,,,,,,,,,,,,
Rat_public_Maxine,Rat,,3,Public services,Other - Public Services,9519.4,102466,38.9035039800032,-77.00534942,US/Eastern,Yes,,,,,,,,,,,,,,,,,,,,
Rat_education_Salvatore,Rat,559,3,Education,K-12 School,4551.7,48994,38.9035039800032,-77.00534942,US/Eastern,Yes,,,,,,,,,,,2015,,,,,,,,,
Rat_office_Jill,Rat,560,3,Office,Office,31587,340000,38.9035039800032,-77.00534942,US/Eastern,Yes,,,,,,,,,,,2010,,,,,,,,,
Rat_office_Jamal,Rat,561,3,Office,Office,27406.4,295000,38.9035039800032,-77.00534942,US/Eastern,Yes,,,,,,,,,,,,,,,,,,,,
Rat_public_Andrea,Rat,,3,Public services,Other - Public Services,12792.7,137700,38.9035039800032,-77.00534942,US/Eastern,Yes,,,,,,,,,,,,,,,,,,,,
Rat_education_Tania,Rat,562,3,Education,K-12 School,21832.2,235000,38.9035039800032,-77.00534942,US/Eastern,Yes,,,,,,,,,,,2013,,,,,,,,,
Rat_office_Sammy,Rat,563,3,Office,Office,2912.1,31346,38.9035039800032,-77.00534942,US/Eastern,Yes,,,,,,,,,,,,,,,,,,,,
Rat_public_Stacey,Rat,564,3,Public services,Other - Public Services,8297.6,89315,38.9035039800032,-77.00534942,US/Eastern,Yes,,,,,,,,,,,,,,,,,,,,
Bear_education_Yvette,Bear,565,4,Education,Education,1423.8,15326,37.871903400000036,-122.2607286,US/Pacific,Yes,,,,,,,,,,,1954,,2,,,,,,,
Bear_education_Arnold,Bear,566,4,Education,Education,186.7,2010,37.871903400000036,-122.2607286,US/Pacific,Yes,,,,,,,,,,,1957,,1,,,,,,,
Bear_assembly_Danial,Bear,567,4,Entertainment/public assembly,Entertainment/public assembly,7680.3,82670,37.871903400000036,-122.2607286,US/Pacific,Yes,,,,,,,,,,,2016,,4,,,,,,,
Bear_education_Carlo,Bear,568,4,Education,Education,1314.6,14150,37.871903400000036,-122.2607286,US/Pacific,Yes,,,,,,,,,,,1974,,2,,,,,,,
Bear_education_Maryjane,Bear,569,4,Education,Education,7998.1,86091,37.871903400000036,-122.2607286,US/Pacific,Yes,,,,,,,,,,,1964,,8,,,,,,,
Bear_education_Owen,Bear,570,4,Education,Education,17949,193202,37.871903400000036,-122.2607286,US/Pacific,Yes,,,,,,,,,,,1964,,10,,,,,,,
Bear_education_Marta,Bear,571,4,Education,Education,4455.1,47954,37.871903400000036,-122.2607286,US/Pacific,Yes,,,,,,,,,,,1980,,3,,,,,,,
Bear_education_Babara,Bear,572,4,Education,Education,8749.1,94175,37.871903400000036,-122.2607286,US/Pacific,Yes,,,,,,,,,,,1964,,9,,,,,,,
Bear_education_Herb,Bear,573,4,Education,Education,2212.5,23815,37.871903400000036,-122.2607286,US/Pacific,Yes,,,,,,,,,,,1914,,4,,,,,,,
Bear_education_Darrell,Bear,574,4,Education,Education,5234.4,56343,37.871903400000036,-122.2607286,US/Pacific,Yes,,,,,,,,,,,1905,,4,,,,,,,
Bear_science_Eleanor,Bear,575,4,Technology/science,Technology/science,3081.3,33167,37.871903400000036,-122.2607286,US/Pacific,Yes,,,,,,,,,,,1963,,4,,,,,,,
Bear_education_Pattie,Bear,576,4,Education,Education,8032.9,86465,37.871903400000036,-122.2607286,US/Pacific,Yes,,,,,,,,,,,2014,,7,,,,,,,
Bear_education_Wade,Bear,577,4,Education,Education,10552.8,113589,37.871903400000036,-122.2607286,US/Pacific,Yes,,,,,,,,,,,1958,,3,,,,,,,
Bear_lodging_Erick,Bear,578,4,Lodging/residential,Lodging/residential,6688.5,71994,37.871903400000036,-122.2607286,US/Pacific,Yes,,,,,,,,,,,2004,,4,,,,,,,
Bear_education_Holly,Bear,579,4,Education,Education,722.9,7781,37.871903400000036,-122.2607286,US/Pacific,Yes,,,,,,,,,,,1910,,4,,,,,,,
Bear_education_Danna,Bear,580,4,Education,Education,9663.4,104016,37.871903400000036,-122.2607286,US/Pacific,Yes,,,,,,,,,,,1960,,4,,,,,,,
Bear_lodging_Dannie,Bear,581,4,Lodging/residential,Lodging/residential,2137.9,23012,37.871903400000036,-122.2607286,US/Pacific,Yes,,,,,,,,,,,1930,,3,,,,,,,
Bear_education_Sandy,Bear,582,4,Education,Education,1351,14542,37.871903400000036,-122.2607286,US/Pacific,Yes,,,,,,,,,,,1920,,4,,,,,,,
Bear_education_Liliana,Bear,583,4,Education,Education,19143,206054,37.871903400000036,-122.2607286,US/Pacific,Yes,,,,,,,,,,,1950,,9,,,,,,,
Bear_education_Paola,Bear,584,4,Education,Education,12802.6,137806,37.871903400000036,-122.2607286,US/Pacific,Yes,,,,,,,,,,,1967,,8,,,,,,,
Bear_public_Lowell,Bear,585,4,Public services,Public services,12299.8,132394,37.871903400000036,-122.2607286,US/Pacific,Yes,,,,,,,,,,,1949,,7,,,,,,,
Bear_public_Rayna,Bear,586,4,Public services,Public services,15469.7,166514,37.871903400000036,-122.2607286,US/Pacific,Yes,,,,,,,,,,,1917,,5,,,,,,,
Bear_science_Alison,Bear,587,4,Technology/science,Technology/science,4945.6,53234,37.871903400000036,-122.2607286,US/Pacific,Yes,,,,,,,,,,,1942,,5,,,,,,,
Bear_education_Austin,Bear,588,4,Education,Education,2031.4,21866,37.871903400000036,-122.2607286,US/Pacific,Yes,,,,,,,,,,,1911,,4,,,,,,,
Bear_education_Bob,Bear,589,4,Education,Education,28360.3,305268,37.871903400000036,-122.2607286,US/Pacific,Yes,,,,,,,,,,,1952,,8,,,,,,,
Bear_education_Deborah,Bear,590,4,Education,Education,791.2,8516,37.871903400000036,-122.2607286,US/Pacific,Yes,,,,,,,,,,,1920,,2,,,,,,,
Bear_assembly_Harry,Bear,591,4,Entertainment/public assembly,Entertainment/public assembly,5511.6,59326,37.871903400000036,-122.2607286,US/Pacific,Yes,,,,,,,,,,,1932,,1,,,,,,,
Bear_education_Lorie,Bear,592,4,Education,Education,11212.8,120694,37.871903400000036,-122.2607286,US/Pacific,Yes,,,,,,,,,,,2012,,7,,,,,,,
Bear_education_Nanette,Bear,593,4,Education,Education,6150.5,66203,37.871903400000036,-122.2607286,US/Pacific,Yes,,,,,,,,,,,2015,,6,,,,,,,
Bear_education_Val,Bear,594,4,Education,Education,16469.9,177281,37.871903400000036,-122.2607286,US/Pacific,Yes,,,,,,,,,,,1964,,7,,,,,,,
Bear_education_Thuy,Bear,595,4,Education,Education,25122.2,270413,37.871903400000036,-122.2607286,US/Pacific,Yes,,,,,,,,,,,1971,,14,,,,,,,
Bear_education_Deena,Bear,596,4,Education,Education,1716.3,18474,37.871903400000036,-122.2607286,US/Pacific,Yes,,,,,,,,,,,1923,,4,,,,,,,
Bear_public_Valorie,Bear,597,4,Public services,Public services,17598.2,189425,37.871903400000036,-122.2607286,US/Pacific,Yes,,,,,,,,,,,1994,,4,,,,,,,
Bear_public_Jocelyn,Bear,598,4,Public services,Public services,6382.5,68701,37.871903400000036,-122.2607286,US/Pacific,Yes,,,,,,,,,,,1930,,4,,,,,,,
Bear_education_Irene,Bear,599,4,Education,Education,2415.1,25996,37.871903400000036,-122.2607286,US/Pacific,Yes,,,,,,,,,,,1954,,4,,,,,,,
Bear_education_Curtis,Bear,600,4,Education,Education,4104.6,44182,37.871903400000036,-122.2607286,US/Pacific,Yes,,,,,,,,,,,1917,,5,,,,,,,
Bear_assembly_Roxy,Bear,601,4,Entertainment/public assembly,Entertainment/public assembly,1106.5,11910,37.871903400000036,-122.2607286,US/Pacific,Yes,,,,,,,,,,,1903,,2,,,,,,,
Bear_assembly_Angel,Bear,602,4,Entertainment/public assembly,Entertainment/public assembly,22117,238065,37.871903400000036,-122.2607286,US/Pacific,Yes,,,,,,,,,,,1933,,6,,,,,,,
Bear_public_Orville,Bear,603,4,Public services,Public services,2700,29063,37.871903400000036,-122.2607286,US/Pacific,Yes,,,,,,,,,,,2004,,3,,,,,,,
Bear_education_Benjamin,Bear,604,4,Education,Education,786.2,8463,37.871903400000036,-122.2607286,US/Pacific,Yes,,,,,,,,,,,,,3,,,,,,,
Bear_education_Marie,Bear,605,4,Education,Education,4739.9,51020,37.871903400000036,-122.2607286,US/Pacific,Yes,,,,,,,,,,,1924,,5,,,,,,,
Bear_utility_Sidney,Bear,606,4,Utility,Utility,2176.9,23432,37.871903400000036,-122.2607286,US/Pacific,Yes,,,,,,,,,,,1999,,2,,,,,,,
Bear_education_Merrill,Bear,607,4,Education,Education,3235.3,34825,37.871903400000036,-122.2607286,US/Pacific,Yes,,,,,,,,,,,1999,,2,,,,,,,
Bear_assembly_Ruby,Bear,608,4,Entertainment/public assembly,Entertainment/public assembly,11538.3,124197,37.871903400000036,-122.2607286,US/Pacific,Yes,,,,,,,,,,,1927,,3,,,,,,,
Bear_education_Benita,Bear,609,4,Education,Education,13142.2,141461,37.871903400000036,-122.2607286,US/Pacific,Yes,,,,,,,,,,,1907,,6,,,,,,,
Bear_assembly_Beatrice,Bear,610,4,Entertainment/public assembly,Entertainment/public assembly,2802,30160,37.871903400000036,-122.2607286,US/Pacific,Yes,,,,,,,,,,,1958,,4,,,,,,,
Bear_education_Mara,Bear,611,4,Education,Education,11903.3,128126,37.871903400000036,-122.2607286,US/Pacific,Yes,,,,,,,,,,,1966,,7,,,,,,,
Bear_education_Gavin,Bear,612,4,Education,Education,7158.6,77055,37.871903400000036,-122.2607286,US/Pacific,Yes,,,,,,,,,,,1917,,4,,,,,,,
Bear_assembly_Diana,Bear,613,4,Entertainment/public assembly,Entertainment/public assembly,121.2,1305,37.871903400000036,-122.2607286,US/Pacific,Yes,,,,,,,,,,,1995,,1,,,,,,,
Bear_lodging_Evan,Bear,614,4,Lodging/residential,Lodging/residential,17205.6,185200,37.871903400000036,-122.2607286,US/Pacific,Yes,,,,,,,,,,,1930,,8,,,,,,,
Bear_education_Rebecca,Bear,615,4,Education,Education,14279.2,153700,37.871903400000036,-122.2607286,US/Pacific,Yes,,,,,,,,,,,1990,,7,,,,,,,
Bear_education_Lashanda,Bear,616,4,Education,Education,10945.3,117814,37.871903400000036,-122.2607286,US/Pacific,Yes,,,,,,,,,,,1959,,6,,,,,,,
Bear_education_Patricia,Bear,617,4,Education,Education,16996,182943,37.871903400000036,-122.2607286,US/Pacific,Yes,,,,,,,,,,,1963,,11,,,,,,,
Bear_education_Katy,Bear,618,4,Education,Education,13752.6,148032,37.871903400000036,-122.2607286,US/Pacific,Yes,,,,,,,,,,,1924,,5,,,,,,,
Bear_education_Derek,Bear,619,4,Education,Education,6331,68146,37.871903400000036,-122.2607286,US/Pacific,Yes,,,,,,,,,,,1948,,6,,,,,,,
Bear_education_Bulah,Bear,620,4,Education,Education,20504,220703,37.871903400000036,-122.2607286,US/Pacific,Yes,,,,,,,,,,,2011,,9,,,,,,,
Bear_parking_Bridget,Bear,621,4,Parking,Parking,36,387,37.871903400000036,-122.2607286,US/Pacific,Yes,,,,,,,,,,,1955,,1,,,,,,,
Bear_education_Lila,Bear,622,4,Education,Education,11483.9,123612,37.871903400000036,-122.2607286,US/Pacific,Yes,,,,,,,,,,,1961,,7,,,,,,,
Bear_education_Lewis,Bear,623,4,Education,Education,4588.3,49388,37.871903400000036,-122.2607286,US/Pacific,Yes,,,,,,,,,,,1931,,6,,,,,,,
Bear_education_Chun,Bear,624,4,Education,Education,4292.5,46204,37.871903400000036,-122.2607286,US/Pacific,Yes,,,,,,,,,,,1941,,5,,,,,,,
Bear_education_Destiny,Bear,625,4,Education,Education,5157.6,55516,37.871903400000036,-122.2607286,US/Pacific,Yes,,,,,,,,,,,1978,,5,,,,,,,
Bear_public_Arlean,Bear,626,4,Public services,Public services,12131.4,130581,37.871903400000036,-122.2607286,US/Pacific,Yes,,,,,,,,,,,1970,,5,,,,,,,
Bear_education_Sharon,Bear,627,4,Education,Education,5261.7,56637,37.871903400000036,-122.2607286,US/Pacific,Yes,,,,,,,,,,,1953,,5,,,,,,,
Bear_education_Chana,Bear,628,4,Education,Education,3781.7,40706,37.871903400000036,-122.2607286,US/Pacific,Yes,,,,,,,,,,,1958,,3,,,,,,,
Bear_education_Yuri,Bear,629,4,Education,Education,3793.7,40835,37.871903400000036,-122.2607286,US/Pacific,Yes,,,,,,,,,,,1931,,6,,,,,,,
Bear_education_Wm,Bear,630,4,Education,Education,8679,93420,37.871903400000036,-122.2607286,US/Pacific,Yes,,,,,,,,,,,1948,,5,,,,,,,
Bear_education_Oscar,Bear,631,4,Education,Education,2186.3,23533,37.871903400000036,-122.2607286,US/Pacific,Yes,,,,,,,,,,,1906,,3,,,,,,,
Bear_education_Clint,Bear,632,4,Education,Education,3836.6,41297,37.871903400000036,-122.2607286,US/Pacific,Yes,,,,,,,,,,,1959,,6,,,,,,,
Bear_parking_Gordon,Bear,633,4,Parking,Parking,9154.6,98539,37.871903400000036,-122.2607286,US/Pacific,Yes,,,,,,,,,,,1989,,2,,,,,,,
Bear_education_Herman,Bear,634,4,Education,Education,371.6,4000,37.871903400000036,-122.2607286,US/Pacific,Yes,,,,,,,,,,,1910,,4,,,,,,,
Bear_education_Millie,Bear,635,4,Education,Education,661.7,7122,37.871903400000036,-122.2607286,US/Pacific,Yes,,,,,,,,,,,1909,,3,,,,,,,
Bear_education_Alfredo,Bear,636,4,Education,Education,609.8,6564,37.871903400000036,-122.2607286,US/Pacific,Yes,,,,,,,,,,,1909,,3,,,,,,,
Bear_education_Bonita,Bear,637,4,Education,Education,389.2,4189,37.871903400000036,-122.2607286,US/Pacific,Yes,,,,,,,,,,,1929,,3,,,,,,,
Bear_education_Tara,Bear,638,4,Education,Education,733.9,7900,37.871903400000036,-122.2607286,US/Pacific,Yes,,,,,,,,,,,1923,,4,,,,,,,
Bear_education_Santos,Bear,639,4,Education,Education,1349.3,14524,37.871903400000036,-122.2607286,US/Pacific,Yes,,,,,,,,,,,1964,,2,,,,,,,
Bear_assembly_Jose,Bear,640,4,Entertainment/public assembly,Entertainment/public assembly,3361.2,36180,37.871903400000036,-122.2607286,US/Pacific,Yes,,,,,,,,,,,1966,,9,,,,,,,
Bear_education_Alvaro,Bear,641,4,Education,Education,10181.1,109588,37.871903400000036,-122.2607286,US/Pacific,Yes,,,,,,,,,,,1994,,8,,,,,,,
Bear_education_Lidia,Bear,642,4,Education,Education,2824.3,30401,37.871903400000036,-122.2607286,US/Pacific,Yes,,,,,,,,,,,,,4,,,,,,,
Bear_education_Marsha,Bear,643,4,Education,Education,10304.7,110919,37.871903400000036,-122.2607286,US/Pacific,Yes,,,,,,,,,,,1941,,6,,,,,,,
Bear_assembly_Genia,Bear,644,4,Entertainment/public assembly,Entertainment/public assembly,24256.1,261091,37.871903400000036,-122.2607286,US/Pacific,Yes,,,,,,,,,,,1923,,3,,,,,,,
Bear_education_Wilton,Bear,645,4,Education,Education,28273.4,304333,37.871903400000036,-122.2607286,US/Pacific,Yes,,,,,,,,,,,2006,,12,,,,,,,
Bear_education_Iris,Bear,646,4,Education,Education,5456.5,58733,37.871903400000036,-122.2607286,US/Pacific,Yes,,,,,,,,,,,1923,,6,,,,,,,
Bear_lodging_Esperanza,Bear,647,4,Lodging/residential,Lodging/residential,8078.8,86959,37.871903400000036,-122.2607286,US/Pacific,Yes,,,,,,,,,,,1942,,5,,,,,,,
Bear_education_Zandra,Bear,648,4,Education,Education,14372.7,154706,37.871903400000036,-122.2607286,US/Pacific,Yes,,,,,,,,,,,2009,,11,,,,,,,
Bear_education_Fannie,Bear,649,4,Education,Education,10788,116121,37.871903400000036,-122.2607286,US/Pacific,Yes,,,,,,,,,,,1996,,10,,,,,,,
Bear_education_Leonel,Bear,650,4,Education,Education,6988.9,75228,37.871903400000036,-122.2607286,US/Pacific,Yes,,,,,,,,,,,1993,,4,,,,,,,
Bear_education_Shelley,Bear,,4,Education,Education,22378.8,240884,37.871903400000036,-122.2607286,US/Pacific,Yes,,,,,,,,,,,1962,,8,,,,,,,
Bear_parking_Bruce,Bear,651,4,Parking,Parking,28441.3,306140,37.871903400000036,-122.2607286,US/Pacific,Yes,,,,,,,,,,,2007,,5,,,,,,,
Bear_education_Augusta,Bear,652,4,Education,Education,14017.9,150887,37.871903400000036,-122.2607286,US/Pacific,Yes,,,,,,,,,,,1959,,9,,,,,,,
Bear_education_Chad,Bear,653,4,Education,Education,39101.5,420885,37.871903400000036,-122.2607286,US/Pacific,Yes,,,,,,,,,,,1930,,8,,,,,,,
Bear_education_Laurette,Bear,654,4,Education,Education,4079.4,43910,37.871903400000036,-122.2607286,US/Pacific,Yes,,,,,,,,,,,1912,,5,,,,,,,
Bear_education_Elise,Bear,655,4,Education,Education,20664.8,222434,37.871903400000036,-122.2607286,US/Pacific,Yes,,,,,,,,,,,1964,,11,,,,,,,
Lamb_other_Minerva,Lamb,,5,Other,Animal Kennels,522,5619,51.49783804108846,-3.186245571,Europe/London,Yes,,,,,,,,Government,Animal Control,Gas,1976,,1,,,,,,,
Lamb_other_Katharina,Lamb,656,5,Other,Campsites,536,5769,51.49783804108846,-3.186245571,Europe/London,Yes,,,,,,,Yes,Government,Public Assembly,Gas,1976,,1,0,,,,,,
Lamb_education_Emery,Lamb,657,5,Education,College Classroom,10133,109071,51.49783804108846,-3.186245571,Europe/London,Yes,,,,,,,Yes,Education,College/University,Gas,1966,,3,,,,,,,D
Lamb_assembly_Corliss,Lamb,658,5,Entertainment/public assembly,Community Center,2887,31075,51.49783804108846,-3.186245571,Europe/London,Yes,,,,,,,Yes,Government,Public Assembly,Gas,1976,,2,,,,,,,B
Lamb_assembly_Zita,Lamb,,5,Entertainment/public assembly,Community Center,642,6910,51.49783804108846,-3.186245571,Europe/London,Yes,,,,,,,,Government,Public Assembly,Gas,1966,,2,,,,,,,
Lamb_assembly_Jerry,Lamb,,5,Entertainment/public assembly,Community Center,1037,11162,51.49783804108846,-3.186245571,Europe/London,Yes,,,,,,,Yes,Government,Public Assembly,Gas,1919,,2,,,,,,,C
Lamb_assembly_Ethel,Lamb,,5,Entertainment/public assembly,Community Center,3854,41484,51.49783804108846,-3.186245571,Europe/London,Yes,,,,,,,Yes,Government,Public Assembly,Gas,1976,,2,,,,,,,C
Lamb_assembly_Cesar,Lamb,659,5,Entertainment/public assembly,Community Center,1422,15306,51.49783804108846,-3.186245571,Europe/London,Yes,,,,,,,Yes,Government,Public Assembly,Gas,1976,,2,0,,,,,,D
Lamb_assembly_Steven,Lamb,660,5,Entertainment/public assembly,Community Center,506,5447,51.49783804108846,-3.186245571,Europe/London,Yes,,,,,,,Yes,Government,Public Assembly,Gas,1976,,1,,,,,,,G
Lamb_assembly_Dudley,Lamb,,5,Entertainment/public assembly,Community Center,2588,27857,51.49783804108846,-3.186245571,Europe/London,Yes,,,,,,,Yes,Government,Public Assembly,Gas,1976,,2,,,,,,,E
Lamb_assembly_Isa,Lamb,661,5,Entertainment/public assembly,Community Center,690,7427,51.49783804108846,-3.186245571,Europe/London,Yes,,,,,,,Yes,Government,Public Assembly,Gas,1976,,2,30,,,,,,D
Lamb_assembly_Eugenia,Lamb,662,5,Entertainment/public assembly,Community Center,1187,12777,51.49783804108846,-3.186245571,Europe/London,Yes,,,,,,,Yes,Government,Public Assembly,Gas,1976,,2,,,,,,,C
Lamb_assembly_Dillon,Lamb,663,5,Entertainment/public assembly,Community Center,5313,57189,51.49783804108846,-3.186245571,Europe/London,Yes,,,,,,,Yes,Government,Public Assembly,Gas,1976,,2,,,,,,,C
Lamb_assembly_Kurt,Lamb,,5,Entertainment/public assembly,Community Center,683,7352,51.49783804108846,-3.186245571,Europe/London,Yes,,,,,,,Yes,Government,Public Assembly,Gas,1945,,1,,,,,,,E
Lamb_assembly_Elinor,Lamb,664,5,Entertainment/public assembly,Community Center,4598,49492,51.49783804108846,-3.186245571,Europe/London,Yes,,,,,,,Yes,Government,Public Assembly,Gas,1976,,2,,,,,,,E
Lamb_assembly_Dorathy,Lamb,665,5,Entertainment/public assembly,Community Center,815,8773,51.49783804108846,-3.186245571,Europe/London,Yes,,,,,,,Yes,Government,Public Assembly,Gas,1966,,1,0,,,,,,A
Lamb_assembly_Ossie,Lamb,666,5,Entertainment/public assembly,Community Center,1119,12045,51.49783804108846,-3.186245571,Europe/London,Yes,,,,,,,Yes,Government,Public Assembly,Gas,1976,,1,,,,,,,E
Lamb_assembly_Alden,Lamb,,5,Entertainment/public assembly,Community Center,811,8730,51.49783804108846,-3.186245571,Europe/London,Yes,,,,,,,Yes,Government,Public Assembly,Gas,1976,,1,,,,,,,E
Lamb_assembly_Theresa,Lamb,,5,Entertainment/public assembly,Community Center,990,10656,51.49783804108846,-3.186245571,Europe/London,Yes,,,,,,,,Government,Public Assembly,Gas,1976,,2,36,,,,,,C
Lamb_assembly_Delilah,Lamb,,5,Entertainment/public assembly,Community Center,2887,31075,51.49783804108846,-3.186245571,Europe/London,Yes,,,,,,,Yes,Government,Public Assembly,Gas,1976,,2,,,,,,,B
Lamb_assembly_Walter,Lamb,667,5,Entertainment/public assembly,Community Center,1460,15715,51.49783804108846,-3.186245571,Europe/London,Yes,,,,,,,Yes,Government,Public Assembly,Gas,1966,,2,,,,,,,C
Lamb_assembly_Nicole,Lamb,,5,Entertainment/public assembly,Community Center,642,6910,51.49783804108846,-3.186245571,Europe/London,Yes,,,,,,,Yes,Government,Public Assembly,Gas,1945,,1,,,,,,,
Lamb_assembly_Cherie,Lamb,668,5,Entertainment/public assembly,Community Center,4392,47275,51.49783804108846,-3.186245571,Europe/London,Yes,,,,,,,Yes,Government,Public Assembly,Gas,1976,,2,,,,,,,D
Lamb_assembly_Tawana,Lamb,,5,Entertainment/public assembly,Community Center,882,9494,51.49783804108846,-3.186245571,Europe/London,Yes,,,,,,,,Government,Public Assembly,Gas,1945,,2,,,,,,,C
Lamb_assembly_Tasha,Lamb,669,5,Entertainment/public assembly,Community Center,443,4768,51.49783804108846,-3.186245571,Europe/London,Yes,,,,,,,,Government,Public Assembly,Gas,1976,,1,,,,,,,
Lamb_health_Ken,Lamb,670,5,Healthcare,Creamatorium,1716,18471,51.49783804108846,-3.186245571,Europe/London,Yes,,,,,,,Yes,Government,"City, County, State",Gas,1966,,1,0,,,,,,G
Lamb_lodging_Burt,Lamb,671,5,Lodging/residential,Dormitory,705,7589,51.49783804108846,-3.186245571,Europe/London,Yes,,,,,,,Yes,Government,Social Services,Gas,1976,,3,34,,,,,,D
Lamb_industrial_Venessa,Lamb,672,5,Manufacturing/industrial,Greenhouse,588,6329,51.49783804108846,-3.186245571,Europe/London,Yes,,,,,,,Yes,Government,"City, County, State",Gas,1919,,2,10,,,,,,
Lamb_industrial_Willard,Lamb,,5,Manufacturing/industrial,Greenhouse,965,10387,51.49783804108846,-3.186245571,Europe/London,Yes,,,,,,,Yes,Government,Public Assembly,Gas,1976,,1,,,,,,,C
Lamb_assembly_Louis,Lamb,673,5,Entertainment/public assembly,Gymnasium,3373,36307,51.49783804108846,-3.186245571,Europe/London,Yes,,,,,,,Yes,Government,Public Assembly,Gas,1976,,2,,,,,,,
Lamb_assembly_Bertie,Lamb,674,5,Entertainment/public assembly,Gymnasium,13908,149704,51.49783804108846,-3.186245571,Europe/London,Yes,,,,,,,Yes,Government,Public Assembly,Gas,1976,,8,,,,,,,D
Lamb_lodging_Harley,Lamb,,5,Lodging/residential,Hotel,1587,17082,51.49783804108846,-3.186245571,Europe/London,Yes,,,,,,,Yes,Hospitality,Hotel,Gas,1919,,3,,,,,,,C
Lamb_industrial_Enrique,Lamb,675,5,Manufacturing/industrial,Industrial,358,3853,51.49783804108846,-3.186245571,Europe/London,Yes,,,,,,,,Government,Water & Wastewater Treatment Facility,Gas,1976,,1,15,,,,,,
Lamb_industrial_Carla,Lamb,676,5,Manufacturing/industrial,Industrial,8426,90697,51.49783804108846,-3.186245571,Europe/London,Yes,,,,,,,Yes,Government,Water & Wastewater Treatment Facility,Gas,1976,,2,104,,,,,,D
Lamb_public_Nyla,Lamb,677,5,Public services,Library,657,7072,51.49783804108846,-3.186245571,Europe/London,Yes,,,,,,,Yes,Government,Library,Gas,1919,,2,,,,,,,
Lamb_public_Grace,Lamb,678,5,Public services,Library,5664.9,60977,51.49783804108846,-3.186245571,Europe/London,Yes,,,,,,,Yes,Government,Library,Gas,1976,,6,600,,,,,,D
Lamb_public_Vania,Lamb,679,5,Public services,Library,4032,43400,51.49783804108846,-3.186245571,Europe/London,Yes,,,,,,,,Government,Public Assembly,Gas,1976,,3,100,,,,,,
Lamb_public_Gracie,Lamb,680,5,Public services,Library,915,9849,51.49783804108846,-3.186245571,Europe/London,Yes,,,,,,,,Government,Library,Gas,1976,,2,4,,,,,,
Lamb_public_Angeline,Lamb,681,5,Public services,Library,3889,41861,51.49783804108846,-3.186245571,Europe/London,Yes,,,,,,,Yes,Government,Library,Gas,1919,,3,,,,,,,D
Lamb_public_Bradly,Lamb,,5,Public services,Library,1892,20365,51.49783804108846,-3.186245571,Europe/London,Yes,,,,,,,,Government,Library,Gas,1976,,2,,,,,,,
Lamb_food_Sylvia,Lamb,,5,Food sales and service,Market,3280,35306,51.49783804108846,-3.186245571,Europe/London,Yes,,,,,,,,Government,Public Assembly,Gas,1919,,2,,,,,,,A
Lamb_assembly_Dorothy,Lamb,682,5,Entertainment/public assembly,Museum,5960,64153,51.49783804108846,-3.186245571,Europe/London,Yes,,,,,,,Yes,Government,Public Assembly,Gas,,,5,15,,,,,,D
Lamb_office_William,Lamb,,5,Office,Office,732,7879,51.49783804108846,-3.186245571,Europe/London,Yes,,,,,,,,Government,"City, County, State",Gas,1919,,2,,,,,,,
Lamb_office_Peggy,Lamb,683,5,Office,Office,432,4650,51.49783804108846,-3.186245571,Europe/London,Yes,,,,,,,,Government,"City, County, State",Gas,1976,,2,33,,,,,,
Lamb_office_Velma,Lamb,684,5,Office,Office,14165,152471,51.49783804108846,-3.186245571,Europe/London,Yes,,,,,,,Yes,Government,"City, County, State",Gas,1919,,3,293,,,,,,E
Lamb_office_Vasiliki,Lamb,685,5,Office,Office,25087,270034,51.49783804108846,-3.186245571,Europe/London,Yes,,,,,,,Yes,Government,"City, County, State",Gas,1976,,5,1122,,,,,,F
Lamb_office_Jo,Lamb,,5,Office,Office,1542,16598,51.49783804108846,-3.186245571,Europe/London,Yes,,,,,,,Yes,Government,"City, County, State",Oil,1976,,2,0,,,,,,C
Lamb_office_Kent,Lamb,,5,Office,Office,1200,12917,51.49783804108846,-3.186245571,Europe/London,Yes,,,,,,,,Government,"City, County, State",Gas,1919,,2,,,,,,,
Lamb_office_Donita,Lamb,,5,Office,Office,972,10463,51.49783804108846,-3.186245571,Europe/London,Yes,,,,,,,,Government,"City, County, State",Gas,1976,,2,,,,,,,
Lamb_office_Maggie,Lamb,686,5,Office,Office,1134,12206,51.49783804108846,-3.186245571,Europe/London,Yes,,,,,,,,Government,"City, County, State",Gas,1976,,2,,,,,,,
Lamb_office_Corine,Lamb,,5,Office,Office,501,5393,51.49783804108846,-3.186245571,Europe/London,Yes,,,,,,,,Government,"City, County, State",Gas,1919,,2,,,,,,,
Lamb_office_Caitlin,Lamb,687,5,Office,Office,3365,36221,51.49783804108846,-3.186245571,Europe/London,Yes,,,,,,,Yes,Government,"City, County, State",Gas,1976,,4,340,,,,,,E
Lamb_office_Anthony,Lamb,,5,Office,Office,633,6814,51.49783804108846,-3.186245571,Europe/London,,,,,,,,Yes,Government,"City, County, State",Gas,1976,,1,33,,,,,,D
Lamb_office_Gerardo,Lamb,688,5,Office,Office,4859,52302,51.49783804108846,-3.186245571,Europe/London,Yes,,,,,,,Yes,Government,"City, County, State",Gas,1966,,2,,,,,,,E
Lamb_office_Stefani,Lamb,689,5,Office,Office,1063,11442,51.49783804108846,-3.186245571,Europe/London,Yes,,,,,,,Yes,Government,"City, County, State",Gas,1976,,1,,,,,,,D
Lamb_office_Joanna,Lamb,,5,Office,Office,1103,11873,51.49783804108846,-3.186245571,Europe/London,Yes,,,,,,,,Government,"City, County, State",Gas,1966,,1,12,,,,,,G
Lamb_office_Raymond,Lamb,690,5,Office,Office,1805,19429,51.49783804108846,-3.186245571,Europe/London,Yes,,,,,,,Yes,Government,"City, County, State",Gas,1945,,2,133,,,,,,E
Lamb_office_Kerry,Lamb,691,5,Office,Office,3962,42647,51.49783804108846,-3.186245571,Europe/London,Yes,,,,,,,,Government,"City, County, State",Gas,1976,,1,40,,,,,,C
Lamb_office_Callie,Lamb,692,5,Office,Office,689,7416,51.49783804108846,-3.186245571,Europe/London,Yes,,,,,,,Yes,Government,"City, County, State",Gas,1976,,2,,,,,,,C
Lamb_office_Bertha,Lamb,693,5,Office,Office,5336,57436,51.49783804108846,-3.186245571,Europe/London,Yes,,,,,,,Yes,Government,"City, County, State",Gas,1976,,3,556,,,,,,F
Lamb_assembly_Queen,Lamb,,5,Entertainment/public assembly,Park,522,5619,51.49783804108846,-3.186245571,Europe/London,Yes,,,,,,,,Government,Public Assembly,Gas,1976,,2,,,,,,,
Lamb_education_Ruben,Lamb,,5,Education,Primary/Secondary Classroom,1578,16985,51.49783804108846,-3.186245571,Europe/London,Yes,,,,,,,Yes,Education,Primary/Secondary School,Gas,1976,,1,236,,,,,,F
Lamb_education_Manuel,Lamb,694,5,Education,Primary/Secondary Classroom,2844,30613,51.49783804108846,-3.186245571,Europe/London,Yes,,,,,,,,Education,Primary/Secondary School,Gas,1976,,4,,,,,,,G
Lamb_education_Mae,Lamb,695,5,Education,Primary/Secondary Classroom,11247,121062,51.49783804108846,-3.186245571,Europe/London,Yes,,,,,,,Yes,Education,Primary/Secondary School,Gas,1976,,3,1395,,,,,,C
Lamb_education_Princess,Lamb,696,5,Education,Primary/Secondary Classroom,1769,19041,51.49783804108846,-3.186245571,Europe/London,Yes,,,,,,,Yes,Education,Primary/Secondary School,Gas,1976,,2,262,,,,,,C
Lamb_education_Bettye,Lamb,,5,Education,Primary/Secondary Classroom,2692,28976,51.49783804108846,-3.186245571,Europe/London,Yes,,,,,,,Yes,Education,Primary/Secondary School,Gas,1919,,3,524,,,,,,D
Lamb_education_Aldo,Lamb,,5,Education,Primary/Secondary Classroom,736,7922,51.49783804108846,-3.186245571,Europe/London,Yes,,,,,,,Yes,Education,Primary/Secondary School,Gas,1966,,1,101,,,,,,
Lamb_education_Lucas,Lamb,697,5,Education,Primary/Secondary Classroom,1737,18697,51.49783804108846,-3.186245571,Europe/London,Yes,,,,,,,Yes,Education,Primary/Secondary School,Gas,1919,,2,300,,,,,,E
Lamb_education_Freddy,Lamb,,5,Education,Primary/Secondary Classroom,1205,12970,51.49783804108846,-3.186245571,Europe/London,Yes,,,,,,,Yes,Education,Primary/Secondary School,Gas,1976,,1,40,,,,,,E
Lamb_education_Moses,Lamb,698,5,Education,Primary/Secondary Classroom,1295,13939,51.49783804108846,-3.186245571,Europe/London,Yes,,,,,,,Yes,Education,Primary/Secondary School,Gas,1976,,1,149,,,,,,D
Lamb_education_Sara,Lamb,699,5,Education,Primary/Secondary Classroom,8711,93764,51.49783804108846,-3.186245571,Europe/London,Yes,,,,,,,Yes,Education,Primary/Secondary School,Gas,1945,,3,956,,,,,,C
Lamb_education_Phil,Lamb,,5,Education,Primary/Secondary Classroom,1014,10915,51.49783804108846,-3.186245571,Europe/London,Yes,,,,,,,Yes,Education,Primary/Secondary School,Gas,1976,,1,197,,,,,,D
Lamb_education_Sabrina,Lamb,700,5,Education,Primary/Secondary Classroom,1065,11464,51.49783804108846,-3.186245571,Europe/London,Yes,,,,,,,Yes,Education,Primary/Secondary School,Gas,1976,,1,235,,,,,,D
Lamb_education_Darrel,Lamb,701,5,Education,Primary/Secondary Classroom,11954.9,128682,51.49783804108846,-3.186245571,Europe/London,Yes,,,,,,,Yes,Education,Primary/Secondary School,Gas,1966,,4,1500,,,,,,C
Lamb_education_Isabelle,Lamb,702,5,Education,Primary/Secondary Classroom,2253,24251,51.49783804108846,-3.186245571,Europe/London,Yes,,,,,,,Yes,Education,Primary/Secondary School,Gas,1966,,2,322,,,,,,C
Lamb_education_Norris,Lamb,703,5,Education,Primary/Secondary Classroom,3211,34563,51.49783804108846,-3.186245571,Europe/London,Yes,,,,,,,Yes,Education,Primary/Secondary School,Gas,1966,,1,317,,,,,,D
Lamb_education_Logan,Lamb,,5,Education,Primary/Secondary Classroom,2152,23164,51.49783804108846,-3.186245571,Europe/London,Yes,,,,,,,,Education,Primary/Secondary School,Gas,1976,,1,,,,,,,
Lamb_education_Rick,Lamb,704,5,Education,Primary/Secondary Classroom,1584,17050,51.49783804108846,-3.186245571,Europe/London,Yes,,,,,,,Yes,Education,Primary/Secondary School,Gas,1966,,1,389,,,,,,D
Lamb_education_Gabriel,Lamb,705,5,Education,Primary/Secondary Classroom,2193,23605,51.49783804108846,-3.186245571,Europe/London,Yes,,,,,,,Yes,Education,Primary/Secondary School,Gas,1976,,1,392,,,,,,D
Lamb_education_Gabrielle,Lamb,706,5,Education,Primary/Secondary Classroom,2572,27685,51.49783804108846,-3.186245571,Europe/London,Yes,,,,,,,Yes,Education,Primary/Secondary School,Gas,1919,,2,414,,,,,,D
Lamb_education_Kayla,Lamb,,5,Education,Primary/Secondary Classroom,2418,26027,51.49783804108846,-3.186245571,Europe/London,Yes,,,,,,,Yes,Education,Primary/Secondary School,Gas,1919,,3,241,,,,,,D
Lamb_education_Hubert,Lamb,707,5,Education,Primary/Secondary Classroom,1047,11270,51.49783804108846,-3.186245571,Europe/London,Yes,,,,,,,,Education,Primary/Secondary School,Gas,1976,,1,71,,,,,,C
Lamb_education_Harold,Lamb,,5,Education,Primary/Secondary Classroom,1188,12788,51.49783804108846,-3.186245571,Europe/London,Yes,,,,,,,Yes,Education,Primary/Secondary School,Gas,1966,,1,53,,,,,,E
Lamb_education_Dolly,Lamb,,5,Education,Primary/Secondary Classroom,2154,23185,51.49783804108846,-3.186245571,Europe/London,Yes,,,,,,,Yes,Education,Primary/Secondary School,Gas,1966,,2,230,,,,,,C
Lamb_education_Antonio,Lamb,708,5,Education,Primary/Secondary Classroom,9516,102429,51.49783804108846,-3.186245571,Europe/London,Yes,,,,,,,Yes,Education,Primary/Secondary School,Gas,1945,,4,1598,,,,,,E
Lamb_education_Lawrence,Lamb,709,5,Education,Primary/Secondary Classroom,2143,23067,51.49783804108846,-3.186245571,Europe/London,Yes,,,,,,,Yes,Education,Primary/Secondary School,Gas,1976,,2,202,,,,,,C
Lamb_education_Hellen,Lamb,710,5,Education,Primary/Secondary Classroom,1123,12088,51.49783804108846,-3.186245571,Europe/London,Yes,,,,,,,Yes,Education,Primary/Secondary School,Gas,1919,,4,29,,,,,,E
Lamb_education_Daniel,Lamb,711,5,Education,Primary/Secondary Classroom,1432,15414,51.49783804108846,-3.186245571,Europe/London,Yes,,,,,,,Yes,Education,Primary/Secondary School,Gas,1976,,1,214,,,,,,D
Lamb_education_Renae,Lamb,,5,Education,Primary/Secondary Classroom,6993,75272,51.49783804108846,-3.186245571,Europe/London,Yes,,,,,,,,Education,Primary/Secondary School,Gas,1966,,2,741,,,,,,C
Lamb_education_Wilbert,Lamb,,5,Education,Primary/Secondary Classroom,2215,23842,51.49783804108846,-3.186245571,Europe/London,Yes,,,,,,,Yes,Education,Primary/Secondary School,Gas,1945,,1,464,,,,,,D
Lamb_education_Salvador,Lamb,,5,Education,Primary/Secondary Classroom,2570,27663,51.49783804108846,-3.186245571,Europe/London,Yes,,,,,,,Yes,Education,Primary/Secondary School,Gas,1966,,2,348,,,,,,C
Lamb_education_Sylvester,Lamb,712,5,Education,Primary/Secondary Classroom,2132,22949,51.49783804108846,-3.186245571,Europe/London,Yes,,,,,,,Yes,Education,Primary/Secondary School,Gas,1976,,1,269,,,,,,D
Lamb_education_Dwayne,Lamb,713,5,Education,Primary/Secondary Classroom,1391,14973,51.49783804108846,-3.186245571,Europe/London,Yes,,,,,,,Yes,Education,Primary/Secondary School,Gas,1976,,2,197,,,,,,E
Lamb_education_Marc,Lamb,714,5,Education,Primary/Secondary Classroom,811,8730,51.49783804108846,-3.186245571,Europe/London,Yes,,,,,,,,Education,Primary/Secondary School,Electricity,1976,,1,192,,,,,,F
Lamb_education_Stefan,Lamb,715,5,Education,Primary/Secondary Classroom,2151,23153,51.49783804108846,-3.186245571,Europe/London,Yes,,,,,,,Yes,Education,Primary/Secondary School,Gas,1976,,2,403,,,,,,C
Lamb_education_Hui,Lamb,716,5,Education,Primary/Secondary Classroom,3462,37265,51.49783804108846,-3.186245571,Europe/London,Yes,,,,,,,Yes,Education,Primary/Secondary School,Gas,1919,,3,362,,,,,,D
Lamb_education_Randal,Lamb,717,5,Education,Primary/Secondary Classroom,2678,28826,51.49783804108846,-3.186245571,Europe/London,Yes,,,,,,,Yes,Education,Primary/Secondary School,Gas,1976,,2,284,,,,,,C
Lamb_education_Bert,Lamb,718,5,Education,Primary/Secondary Classroom,2403,25866,51.49783804108846,-3.186245571,Europe/London,Yes,,,,,,,Yes,Education,Primary/Secondary School,Gas,1919,,2,427,,,,,,C
Lamb_education_Maxwell,Lamb,719,5,Education,Primary/Secondary Classroom,2635,28363,51.49783804108846,-3.186245571,Europe/London,Yes,,,,,,,Yes,Education,Primary/Secondary School,Gas,1919,,2,336,,,,,,D
Lamb_education_Sunny,Lamb,720,5,Education,Primary/Secondary Classroom,1691,18202,51.49783804108846,-3.186245571,Europe/London,Yes,,,,,,,Yes,Education,Primary/Secondary School,Gas,1919,,2,333,,,,,,D
Lamb_education_Junior,Lamb,721,5,Education,Primary/Secondary Classroom,11285,121471,51.49783804108846,-3.186245571,Europe/London,Yes,,,,,,,Yes,Education,Primary/Secondary School,Gas,1966,,3,1140,,,,,,D
Lamb_education_Augustine,Lamb,722,5,Education,Primary/Secondary Classroom,2939,31635,51.49783804108846,-3.186245571,Europe/London,Yes,,,,,,,Yes,Education,Primary/Secondary School,Gas,1966,,3,517,,,,,,C
Lamb_education_Terina,Lamb,723,5,Education,Primary/Secondary Classroom,14868,160038,51.49783804108846,-3.186245571,Europe/London,Yes,,,,,,,Yes,Education,Primary/Secondary School,Gas,1966,,4,1598,,,,,,D
Lamb_education_Camille,Lamb,,5,Education,Primary/Secondary Classroom,6382,68695,51.49783804108846,-3.186245571,Europe/London,Yes,,,,,,,Yes,Education,Primary/Secondary School,Gas,1966,,2,909,,,,,,D
Lamb_education_Ira,Lamb,,5,Education,Primary/Secondary Classroom,1048,11281,51.49783804108846,-3.186245571,Europe/London,Yes,,,,,,,Yes,Education,Primary/Secondary School,Gas,1976,,1,258,,,,,,C
Lamb_education_Nathan,Lamb,,5,Education,Primary/Secondary Classroom,2937,31614,51.49783804108846,-3.186245571,Europe/London,Yes,,,,,,,Yes,Education,Primary/Secondary School,Gas,1976,,2,293,,,,,,C
Lamb_education_Lemuel,Lamb,,5,Education,Primary/Secondary Classroom,1589,17104,51.49783804108846,-3.186245571,Europe/London,Yes,,,,,,,Yes,Education,Primary/Secondary School,Gas,1966,,2,124,,,,,,E
Lamb_education_Williams,Lamb,724,5,Education,Primary/Secondary Classroom,8255,88856,51.49783804108846,-3.186245571,Europe/London,Yes,,,,,,,Yes,Education,Primary/Secondary School,Gas,1976,,2,1071,,,,,,D
Lamb_education_Hilary,Lamb,725,5,Education,Primary/Secondary Classroom,1281,13789,51.49783804108846,-3.186245571,Europe/London,Yes,,,,,,,Yes,Education,Primary/Secondary School,Gas,1919,,1,193,,,,,,
Lamb_education_Armando,Lamb,726,5,Education,Primary/Secondary Classroom,11200.9,120566,51.49783804108846,-3.186245571,Europe/London,Yes,,,,,,,Yes,Education,Primary/Secondary School,Gas,1945,,2,875,,,,,,D
Lamb_education_Ellen,Lamb,,5,Education,Primary/Secondary Classroom,2061,22184,51.49783804108846,-3.186245571,Europe/London,Yes,,,,,,,Yes,Education,Primary/Secondary School,Gas,1919,,2,387,,,,,,D
Lamb_education_Domitila,Lamb,727,5,Education,Primary/Secondary Classroom,12924,139113,51.49783804108846,-3.186245571,Europe/London,Yes,,,,,,,Yes,Education,Primary/Secondary School,Gas,1976,,3,1695,,,,,,C
Lamb_education_Maritza,Lamb,728,5,Education,Primary/Secondary Classroom,2815,30300,51.49783804108846,-3.186245571,Europe/London,Yes,,,,,,,Yes,Education,Primary/Secondary School,Gas,1966,,2,304,,,,,,D
Lamb_education_Faith,Lamb,729,5,Education,Primary/Secondary Classroom,1597,17190,51.49783804108846,-3.186245571,Europe/London,Yes,,,,,,,Yes,Education,Primary/Secondary School,Gas,1919,,2,219,,,,,,E
Lamb_education_Patsy,Lamb,,5,Education,Primary/Secondary Classroom,2991,32195,51.49783804108846,-3.186245571,Europe/London,Yes,,,,,,,Yes,Education,Primary/Secondary School,Gas,1919,,2,583,,,,,,D
Lamb_education_Eula,Lamb,,5,Education,Primary/Secondary Classroom,2927,31506,51.49783804108846,-3.186245571,Europe/London,Yes,,,,,,,Yes,Education,Primary/Secondary School,Gas,1919,,2,212,,,,,,C
Lamb_education_Nichol,Lamb,,5,Education,Primary/Secondary Classroom,4373,47071,51.49783804108846,-3.186245571,Europe/London,Yes,,,,,,,Yes,Education,Primary/Secondary School,Gas,1945,,2,219,,,,,,C
Lamb_education_Mckenzie,Lamb,730,5,Education,Primary/Secondary Classroom,11710,126045,51.49783804108846,-3.186245571,Europe/London,Yes,,,,,,,Yes,Education,Primary/Secondary School,Gas,1966,,4,1164,,,,,,E
Lamb_education_Wanda,Lamb,,5,Education,Primary/Secondary Classroom,1086,11690,51.49783804108846,-3.186245571,Europe/London,Yes,,,,,,,Yes,Education,Primary/Secondary School,Gas,1976,,1,201,,,,,,D
Lamb_education_Debby,Lamb,,5,Education,Primary/Secondary Classroom,2961,31872,51.49783804108846,-3.186245571,Europe/London,Yes,,,,,,,Yes,Education,Primary/Secondary School,Gas,1919,,2,383,,,,,,D
Lamb_education_Hillary,Lamb,,5,Education,Primary/Secondary Classroom,2238,24090,51.49783804108846,-3.186245571,Europe/London,Yes,,,,,,,Yes,Education,Primary/Secondary School,Gas,1976,,1,313,,,,,,C
Lamb_education_Larissa,Lamb,,5,Education,Primary/Secondary Classroom,2555,27502,51.49783804108846,-3.186245571,Europe/London,Yes,,,,,,,Yes,Education,Primary/Secondary School,Gas,1976,,2,315,,,,,,E
Lamb_education_Fred,Lamb,731,5,Education,Primary/Secondary Classroom,2708,29149,51.49783804108846,-3.186245571,Europe/London,Yes,,,,,,,Yes,Education,Primary/Secondary School,Gas,1919,,2,359,,,,,,D
Lamb_education_Carlton,Lamb,,5,Education,Primary/Secondary Classroom,3323,35768,51.49783804108846,-3.186245571,Europe/London,Yes,,,,,,,,Education,Primary/Secondary School,Gas,1966,,1,456,,,,,,D
Lamb_education_Rodrigo,Lamb,732,5,Education,Primary/Secondary Classroom,6149,66187,51.49783804108846,-3.186245571,Europe/London,Yes,,,,,,,Yes,Education,Primary/Secondary School,Gas,1976,,1,270,,,,,,D
Lamb_education_Marty,Lamb,,5,Education,Primary/Secondary Classroom,1201,12927,51.49783804108846,-3.186245571,Europe/London,Yes,,,,,,,Yes,Education,Primary/Secondary School,Gas,1976,,1,230,,,,,,E
Lamb_education_Heidi,Lamb,,5,Education,Primary/Secondary Classroom,2164,23293,51.49783804108846,-3.186245571,Europe/London,Yes,,,,,,,Yes,Education,Primary/Secondary School,Gas,1976,,1,402,,,,,,D
Lamb_education_Jane,Lamb,,5,Education,Primary/Secondary Classroom,2777,29891,51.49783804108846,-3.186245571,Europe/London,Yes,,,,,,,Yes,Education,Primary/Secondary School,Gas,1966,,3,489,,,,,,C
Lamb_education_Garry,Lamb,,5,Education,Primary/Secondary Classroom,3157,33982,51.49783804108846,-3.186245571,Europe/London,Yes,,,,,,,Yes,Education,Primary/Secondary School,Gas,1976,,3,353,,,,,,C
Lamb_education_Alina,Lamb,,5,Education,Primary/Secondary Classroom,1877,20204,51.49783804108846,-3.186245571,Europe/London,Yes,,,,,,,Yes,Education,Primary/Secondary School,Gas,1976,,1,396,,,,,,C
Lamb_education_Felipe,Lamb,733,5,Education,Primary/Secondary Classroom,9005,96929,51.49783804108846,-3.186245571,Europe/London,Yes,,,,,,,Yes,Education,Primary/Secondary School,Gas,1966,,3,1199,,,,,,C
Lamb_education_Vaughn,Lamb,734,5,Education,Primary/Secondary Classroom,2619,28191,51.49783804108846,-3.186245571,Europe/London,Yes,,,,,,,Yes,Education,Primary/Secondary School,Gas,1919,,1,515,,,,,,C
Lamb_education_Luz,Lamb,735,5,Education,Primary/Secondary Classroom,14474.9,155807,51.49783804108846,-3.186245571,Europe/London,Yes,,,,,,,Yes,Education,Primary/Secondary School,Biomass,2013,,2,1400,,,,,,
Lamb_education_Leopoldo,Lamb,,5,Education,Primary/Secondary Classroom,3984,42883,51.49783804108846,-3.186245571,Europe/London,Yes,,,,,,,Yes,Education,Primary/Secondary School,Gas,1976,,2,64,,,,,,B
Lamb_education_Robin,Lamb,736,5,Education,Primary/Secondary Classroom,8794,94658,51.49783804108846,-3.186245571,Europe/London,Yes,,,,,,,Yes,Education,Primary/Secondary School,Gas,1976,,3,856,,,,,,G
Lamb_education_Kasha,Lamb,,5,Education,Primary/Secondary Classroom,2335,25134,51.49783804108846,-3.186245571,Europe/London,Yes,,,,,,,Yes,Government,Primary/Secondary School,Gas,1966,,2,441,,,,,,C
Lamb_education_Traci,Lamb,737,5,Education,Primary/Secondary Classroom,1374,14790,51.49783804108846,-3.186245571,Europe/London,Yes,,,,,,,,Government,Primary/Secondary School,Gas,1976,,1,,,,,,,D
Lamb_education_Lazaro,Lamb,738,5,Education,Primary/Secondary Classroom,8866,95433,51.49783804108846,-3.186245571,Europe/London,Yes,,,,,,,Yes,Government,Primary/Secondary School,Gas,1966,,4,1173,,,,,,D
Lamb_education_Philomena,Lamb,739,5,Education,Primary/Secondary Classroom,12732,137046,51.49783804108846,-3.186245571,Europe/London,Yes,,,,,,,Yes,Government,Primary/Secondary School,Gas,1966,,2,1104,,,,,,C
Lamb_education_Willetta,Lamb,740,5,Education,Primary/Secondary Classroom,3528,37975,51.49783804108846,-3.186245571,Europe/London,Yes,,,,,,,Yes,Government,Primary/Secondary School,Gas,1976,,1,400,,,,,,
Lamb_education_Chet,Lamb,,5,Education,Primary/Secondary Classroom,1078,11603,51.49783804108846,-3.186245571,Europe/London,Yes,,,,,,,Yes,Government,Primary/Secondary School,Gas,1945,,2,235,,,,,,C
Lamb_education_Emilie,Lamb,741,5,Education,Primary/Secondary Classroom,1303,14025,51.49783804108846,-3.186245571,Europe/London,Yes,,,,,,,Yes,Government,Primary/Secondary School,Gas,1966,,1,171,,,,,,F
Lamb_education_Felicia,Lamb,,5,Education,Primary/Secondary Classroom,2182,23487,51.49783804108846,-3.186245571,Europe/London,Yes,,,,,,,Yes,Government,Primary/Secondary School,Gas,1966,,2,,,,,,,C
Lamb_assembly_Librada,Lamb,742,5,Entertainment/public assembly,Sports Stadium,2957,31829,51.49783804108846,-3.186245571,Europe/London,Yes,,,,,,,,Government,Public Assembly,Gas,1976,,2,,,,,,,B
Lamb_assembly_Rosa,Lamb,743,5,Entertainment/public assembly,Sports Stadium,1132,12185,51.49783804108846,-3.186245571,Europe/London,Yes,,,,,,,Yes,Government,Public Assembly,Gas,1976,,2,55,,,,,,G
Lamb_assembly_Katelyn,Lamb,744,5,Entertainment/public assembly,Theater,4519,48642,51.49783804108846,-3.186245571,Europe/London,Yes,,,,,,,Yes,Government,Public Assembly,Gas,1919,,5,,,,,,,B
Lamb_warehouse_Allan,Lamb,,5,Warehouse/storage,Warehouse,1457,15683,51.49783804108846,-3.186245571,Europe/London,Yes,,,,,,,,Government,"City, County, State",Gas,1966,,2,200,,,,,,G
Peacock_education_Anita,Peacock,745,6,Education,College Classroom,1255.3,13512,40.349999999999966,-74.7,US/Eastern,Yes,,Yes,Yes,,,,,Education,College/University,,,,,,,,,,,
Peacock_office_Burl,Peacock,746,6,Office,Office,1661,17879,40.349999999999966,-74.7,US/Eastern,Yes,,,,,,,,Education,College/University,,,,,,,,,,,
Peacock_office_Glenn,Peacock,,6,Office,Office,2179.3,23458,40.349999999999966,-74.7,US/Eastern,Yes,,,,,,,,Education,College/University,,,,,,,,,,,
Peacock_education_Patience,Peacock,747,6,Education,College Classroom,2836.4,30531,40.349999999999966,-74.7,US/Eastern,Yes,,Yes,Yes,,,,,Education,College/University,,,,,,,,,,,
Peacock_office_Norman,Peacock,748,6,Office,Office,3044.1,32766,40.349999999999966,-74.7,US/Eastern,Yes,,Yes,Yes,,,,,Education,College/University,,,,,,,,,,,
Peacock_lodging_Francesca,Peacock,749,6,Lodging/residential,Dormitory,3338.6,35936,40.349999999999966,-74.7,US/Eastern,Yes,,,Yes,,,,,Education,College/University,,,,,,,,,,,
Peacock_education_Pasquale,Peacock,750,6,Education,College Laboratory,3343.6,35990,40.349999999999966,-74.7,US/Eastern,Yes,,Yes,Yes,,,,,Education,College/University,,,,,,,,,,,
Peacock_office_Jonathon,Peacock,751,6,Office,Office,3482.5,37485,40.349999999999966,-74.7,US/Eastern,Yes,,Yes,Yes,,,,,Education,College/University,,,,,,,,,,,
Peacock_public_Linda,Peacock,752,6,Public services,Library,3592.7,38671,40.349999999999966,-74.7,US/Eastern,Yes,,Yes,,,,,,Education,College/University,,,,,,,,,,,
Peacock_education_Yolanda,Peacock,753,6,Education,College Laboratory,3675.1,39558,40.349999999999966,-74.7,US/Eastern,Yes,,Yes,Yes,,,,,Education,College/University,,,,,,,,,,,
Peacock_office_Ronda,Peacock,754,6,Office,Office,3840.3,41337,40.349999999999966,-74.7,US/Eastern,,,,Yes,,,,,Education,College/University,,,,,,,,,,,
Peacock_office_Julian,Peacock,755,6,Office,Office,3913.9,42129,40.349999999999966,-74.7,US/Eastern,Yes,,Yes,,,,,,Education,College/University,,,,,,,,,,,
Peacock_lodging_Chloe,Peacock,756,6,Lodging/residential,Dormitory,4120.4,44352,40.349999999999966,-74.7,US/Eastern,Yes,,,Yes,,,,,Education,College/University,,,,,,,,,,,
Peacock_education_Bianca,Peacock,757,6,Education,College Laboratory,4349.1,46813,40.349999999999966,-74.7,US/Eastern,Yes,,,Yes,,,,,Education,College/University,,,,,,,,,,,
Peacock_lodging_Terrie,Peacock,758,6,Lodging/residential,Dormitory,4367.1,47007,40.349999999999966,-74.7,US/Eastern,Yes,,,Yes,,,,,Education,College/University,,,,,,,,,,,
Peacock_lodging_Nova,Peacock,759,6,Lodging/residential,Dormitory,4507.6,48519,40.349999999999966,-74.7,US/Eastern,Yes,,,Yes,,,,,Education,College/University,,,,,,,,,,,
Peacock_office_Dara,Peacock,760,6,Office,Office,4644.2,49990,40.349999999999966,-74.7,US/Eastern,Yes,,Yes,Yes,,,,,Education,College/University,,,,,,,,,,,
Peacock_assembly_Socorro,Peacock,761,6,Entertainment/public assembly,Theater,4880.6,52534,40.349999999999966,-74.7,US/Eastern,Yes,,,,,,,,Education,College/University,,,,,,,,,,,
Peacock_education_Shelly,Peacock,762,6,Education,College Laboratory,4984.3,53651,40.349999999999966,-74.7,US/Eastern,Yes,,,Yes,,,,,Education,College/University,,,,,,,,,,,
Peacock_office_Naomi,Peacock,763,6,Office,Office,5072.2,54597,40.349999999999966,-74.7,US/Eastern,Yes,,Yes,Yes,,,,,Education,College/University,,,,,,,,,,,
Peacock_education_Robbie,Peacock,764,6,Education,College Classroom,5416.9,58307,40.349999999999966,-74.7,US/Eastern,Yes,,,Yes,,,,,Education,College/University,,,,,,,,,,,
Peacock_assembly_Russ,Peacock,765,6,Entertainment/public assembly,Swimming Pool,5440.6,58562,40.349999999999966,-74.7,US/Eastern,Yes,,Yes,Yes,,,,,Education,College/University,,,,,,,,,,,
Peacock_office_Annie,Peacock,766,6,Office,Office,6021.8,64818,40.349999999999966,-74.7,US/Eastern,Yes,,,Yes,,,,,Education,College/University,,,,,,,,,,,
Peacock_office_Major,Peacock,767,6,Office,Office,6507.1,70042,40.349999999999966,-74.7,US/Eastern,Yes,,Yes,Yes,,,,,Education,College/University,,,,,,,,,,,
Peacock_education_Joshua,Peacock,768,6,Education,College Laboratory,7054,75929,40.349999999999966,-74.7,US/Eastern,Yes,,,,,,,,Education,College/University,,,,,,,,,,,
Peacock_education_Forest,Peacock,769,6,Education,College Classroom,7178,77263,40.349999999999966,-74.7,US/Eastern,Yes,,Yes,Yes,,,,,Education,College/University,,,,,,,,,,,
Peacock_education_Dustin,Peacock,770,6,Education,College Classroom,7462.4,80325,40.349999999999966,-74.7,US/Eastern,Yes,,Yes,Yes,,,,,Education,College/University,,,,,,,,,,,
Peacock_lodging_James,Peacock,771,6,Lodging/residential,Dormitory,7702.7,82911,40.349999999999966,-74.7,US/Eastern,Yes,,Yes,Yes,,,,,Education,College/University,,,,,,,,,,,
Peacock_lodging_Erica,Peacock,772,6,Lodging/residential,Dormitory,8144,87661,40.349999999999966,-74.7,US/Eastern,,,,Yes,,,,,Education,College/University,,,,,,,,,,,
Peacock_lodging_Mathew,Peacock,773,6,Lodging/residential,Dormitory,8669.1,93313,40.349999999999966,-74.7,US/Eastern,Yes,,,Yes,,,,,Education,College/University,,,,,,,,,,,
Peacock_lodging_Matthew,Peacock,774,6,Lodging/residential,Dormitory,8686.4,93500,40.349999999999966,-74.7,US/Eastern,Yes,,Yes,Yes,,,,,Education,College/University,,,,,,,,,,,
Peacock_office_Elton,Peacock,775,6,Office,Office,9694.9,104355,40.349999999999966,-74.7,US/Eastern,Yes,,,,,,,,Education,College/University,,,,,,,,,,,
Peacock_office_Effie,Peacock,776,6,Office,Office,9723.9,104667,40.349999999999966,-74.7,US/Eastern,Yes,,Yes,Yes,,,,,Education,College/University,,,,,,,,,,,
Peacock_lodging_Wes,Peacock,777,6,Lodging/residential,Dormitory,9828.3,105791,40.349999999999966,-74.7,US/Eastern,Yes,,Yes,Yes,,,,,Education,College/University,,,,,,,,,,,
Peacock_assembly_Dena,Peacock,778,6,Entertainment/public assembly,Museum,10065,108339,40.349999999999966,-74.7,US/Eastern,Yes,,Yes,Yes,,,,,Education,College/University,,,,,,,,,,,
Peacock_lodging_Sergio,Peacock,779,6,Lodging/residential,Dormitory,10498,113000,40.349999999999966,-74.7,US/Eastern,Yes,,Yes,Yes,,,,,Education,College/University,,,,,,,,,,,
Peacock_education_Ophelia,Peacock,780,6,Education,College Laboratory,11226,120836,40.349999999999966,-74.7,US/Eastern,Yes,,Yes,,,,,,Education,College/University,,,,,,,,,,,
Peacock_lodging_Lou,Peacock,781,6,Lodging/residential,Dormitory,11895.7,128044,40.349999999999966,-74.7,US/Eastern,Yes,,,,,,,,Education,College/University,,,,,,,,,,,
Peacock_education_Karyn,Peacock,782,6,Education,College Laboratory,12016.4,129344,40.349999999999966,-74.7,US/Eastern,Yes,,,,,,,,Education,College/University,,,,,,,,,,,
Peacock_assembly_Mamie,Peacock,783,6,Entertainment/public assembly,Gynasium,13295.3,143110,40.349999999999966,-74.7,US/Eastern,Yes,,Yes,Yes,,,,,Education,College/University,,,,,,,,,,,
Peacock_education_Lyle,Peacock,784,6,Education,Student Union,17727.5,190817,40.349999999999966,-74.7,US/Eastern,Yes,,Yes,Yes,,,,,Education,College/University,,,,,,,,,,,
Peacock_education_Weldon,Peacock,,6,Education,College Laboratory,22419.7,241324,40.349999999999966,-74.7,US/Eastern,Yes,,Yes,,,,,,Education,College/University,,,,,,,,,,,
Peacock_education_Gilberto,Peacock,785,6,Education,College Laboratory,23225.8,250000,40.349999999999966,-74.7,US/Eastern,Yes,,,,,,,,Education,College/University,,,,,,,,,,,
Peacock_education_Lucie,Peacock,786,6,Education,College Laboratory,23876.1,257000,40.349999999999966,-74.7,US/Eastern,Yes,,Yes,Yes,,,,,Education,College/University,,,,,,,,,,,
Peacock_lodging_Jamaal,Peacock,787,6,Lodging/residential,Dormitory,25900.9,278795,40.349999999999966,-74.7,US/Eastern,Yes,,Yes,Yes,,,,,Education,College/University,,,,,,,,,,,
Peacock_public_Kelvin,Peacock,788,6,Public services,Library,37324.1,401753,40.349999999999966,-74.7,US/Eastern,Yes,,Yes,Yes,,,,,Education,College/University,,,,,,,,,,,
Peacock_education_Karl,Peacock,,6,Education,College Laboratory,44381.9,477723,40.349999999999966,-74.7,US/Eastern,Yes,,,,,,,,Education,College/University,,,,,,,,,,,
Moose_education_Dennis,Moose,789,7,Education,College Classroom,6000,64583,45.4215,-75.6972,US/Eastern,,,Yes,Yes,,,,,Education,College/University,,1923,,1,,,,,,,
Moose_education_Sasha,Moose,790,7,Education,College Classroom,8000,86111,45.4215,-75.6972,US/Eastern,Yes,,Yes,Yes,,,,,Education,College/University,,1911,,8,200,,,,,,
Moose_education_Ricardo,Moose,791,7,Education,College Classroom,14000,150695,45.4215,-75.6972,US/Eastern,Yes,,Yes,Yes,,,,,Education,College/University,,,,5,,,,,,,
Moose_education_Omar,Moose,792,7,Education,College Classroom,31000,333681,45.4215,-75.6972,US/Eastern,,,Yes,Yes,,,,,Education,College/University,,1938,,3,,,,,,,
Moose_education_Lori,Moose,793,7,Education,College Classroom,14000,150695,45.4215,-75.6972,US/Eastern,Yes,Yes,Yes,,,,,,Education,College/University,,1964,,6,500,,,,,,
Moose_education_Gladys,Moose,794,7,Education,College Classroom,67999.9,731945,45.4215,-75.6972,US/Eastern,Yes,Yes,Yes,,,,,,Education,College/University,,1969,,11,,,,,,,
Moose_education_Maria,Moose,795,7,Education,College Classroom,35999.9,387500,45.4215,-75.6972,US/Eastern,Yes,Yes,Yes,,,,,,Education,College/University,,1960,,6,,,,,,,
Moose_education_Marlon,Moose,796,7,Education,College Classroom,21000,226042,45.4215,-75.6972,US/Eastern,Yes,,Yes,Yes,,,,,Education,College/University,,1965,,2,,,,,,,
Moose_education_Clark,Moose,797,7,Education,College Classroom,70999.9,764237,45.4215,-75.6972,US/Eastern,Yes,,Yes,Yes,,,,,Education,College/University,,1979,,13,2380,,,,,,
Moose_education_Rene,Moose,798,7,Education,College Classroom,37999.9,409028,45.4215,-75.6972,US/Eastern,Yes,,Yes,Yes,,,,,Education,College/University,,1970,,21,1800,,,,,,
Moose_education_Leland,Moose,799,7,Education,College Classroom,48999.9,527431,45.4215,-75.6972,US/Eastern,Yes,,Yes,Yes,,,,,Education,College/University,,1976,,26,2000,,,,,,
Moose_education_Marina,Moose,800,7,Education,College Classroom,6000,64583,45.4215,-75.6972,US/Eastern,Yes,,Yes,Yes,,,,,Education,College/University,,1955,,2,80,,,,,,
Moose_education_Abbie,Moose,801,7,Education,College Classroom,45000,484376,45.4215,-75.6972,US/Eastern,Yes,,Yes,Yes,,,,,Education,College/University,,1952,,5,1700,,,,,,
Moose_education_Florence,Moose,802,7,Education,College Classroom,26999.9,290625,45.4215,-75.6972,US/Eastern,Yes,,Yes,Yes,,,,,Education,College/University,,1995,,19,,,,,,,
Moose_education_Diane,Moose,803,7,Education,College Classroom,16999.9,182986,45.4215,-75.6972,US/Eastern,Yes,,Yes,Yes,,,,,Education,College/University,,1962,,3,,,,,,,
Gator_office_Carrie,Gator,,8,Office,Office,24987.5,268963,,,US/Eastern,Yes,,,,,,,,,,,,,1,100,,,,,,
Gator_office_Lucy,Gator,804,8,Office,Office,16315.4,175618,,,US/Eastern,Yes,,,,,,,,,,,,,1,100,,,,,,
Gator_assembly_Lelia,Gator,805,8,Entertainment/public assembly,Community Center,297.3,3200,,,US/Eastern,Yes,,,,,,,,,,,,,1,100,,,,,,
Gator_other_Elfriede,Gator,806,8,Other,Other,2665.7,28693,,,US/Eastern,Yes,,,,,,,,,,,,,2,100,,,,,,
Gator_assembly_Maurine,Gator,807,8,Entertainment/public assembly,Recreation Center,278.7,3000,,,US/Eastern,Yes,,,,,,,,,,,,,1,100,,,,,,
Gator_other_Refugio,Gator,808,8,Other,Other,869.3,9357,,,US/Eastern,Yes,,,,,,,,,,,,,1,100,,,,,,
Gator_assembly_Milton,Gator,809,8,Entertainment/public assembly,Sports Facility,48.3,520,,,US/Eastern,Yes,,,,,,,,,,,,,1,100,,,,,,
Gator_assembly_Beryl,Gator,,8,Entertainment/public assembly,"Recreation Center, Community Centers",4136.8,44528,,,US/Eastern,Yes,,,,,,,,,,,,,1,100,,,,,,
Gator_assembly_Joni,Gator,810,8,Entertainment/public assembly,Recreation Center,346.4,3729,,,US/Eastern,Yes,,,,,,,,,,,,,1,100,,,,,,
Gator_public_Jolene,Gator,,8,Public services,Fire Station,811.4,8734,,,US/Eastern,Yes,,,,,,,,,,,,,1,10,,,,,,
Gator_public_Ross,Gator,811,8,Public services,Fire Station,450.4,4848,,,US/Eastern,Yes,,,,,,,,,,,,,1,6,,,,,,
Gator_assembly_Regina,Gator,812,8,Entertainment/public assembly,Community Center,919.2,9894,,,US/Eastern,Yes,,,,,,,,,,,,,1,100,,,,,,
Gator_assembly_Elliot,Gator,,8,Entertainment/public assembly,Park,100.3,1080,,,US/Eastern,Yes,,,,,,,,,,,,,1,100,,,,,,
Gator_public_Clara,Gator,813,8,Public services,"Community Center, Community Centers",523,5630,,,US/Eastern,Yes,,,,,,,,,,,,,1,100,,,,,,
Gator_public_Philip,Gator,814,8,Public services,"Community Center, Community Centers",406.1,4371,,,US/Eastern,Yes,,,,,,,,,,,,,1,100,,,,,,
Gator_assembly_Alexa,Gator,815,8,Entertainment/public assembly,Park,61.9,666,,,US/Eastern,Yes,,,,,,,,,,,,,1,100,,,,,,
Gator_assembly_Daisy,Gator,816,8,Entertainment/public assembly,Park,33.1,356,,,US/Eastern,Yes,,,,,,,,,,,,,1,100,,,,,,
Gator_assembly_Lera,Gator,817,8,Entertainment/public assembly,Park,91.4,984,,,US/Eastern,Yes,,,,,,,,,,,,,1,100,,,,,,
Gator_public_Beulah,Gator,818,8,Public services,"Fire Station, Fire Stations",338.9,3648,,,US/Eastern,Yes,,,,,,,,,,,,,1,4,,,,,,
Gator_public_Tiffany,Gator,819,8,Public services,"Fire Station, Fire Stations",590,6351,,,US/Eastern,Yes,,,,,,,,,,,,,1,11,,,,,,
Gator_assembly_Lilli,Gator,820,8,Entertainment/public assembly,Park,60.2,648,,,US/Eastern,Yes,,,,,,,,,,,,,1,100,,,,,,
Gator_other_Gertrude,Gator,821,8,Other,Other,237.4,2555,,,US/Eastern,Yes,,,,,,,,,,,,,1,100,,,,,,
Gator_assembly_Bailey,Gator,822,8,Entertainment/public assembly,Park,34,366,,,US/Eastern,Yes,,,,,,,,,,,,,1,100,,,,,,
Gator_public_Marcie,Gator,823,8,Public services,"Community Center, Community Centers",3275.1,35253,,,US/Eastern,Yes,,,,,,,,,,,,,1,100,,,,,,
Gator_public_Kendall,Gator,824,8,Public services,"Fire Station, Fire Stations",726.5,7820,,,US/Eastern,Yes,,,,,,,,,,,,,1,10,,,,,,
Gator_public_Dewey,Gator,825,8,Public services,"Fire Station, Fire Stations",333.7,3592,,,US/Eastern,Yes,,,,,,,,,,,,,1,4,,,,,,
Gator_public_Randall,Gator,826,8,Public services,"Community Center, Community Centers",1806.6,19446,,,US/Eastern,Yes,,,,,,,,,,,,,1,100,,,,,,
Gator_office_Betty,Gator,827,8,Office,Office,542.5,5839,,,US/Eastern,Yes,,,,,,,,,,,,,1,100,,,,,,
Gator_other_Samuel,Gator,828,8,Other,Other,9568.5,102994,,,US/Eastern,Yes,,,,,,,,,,,,,1,100,,,,,,
Gator_warehouse_Stacie,Gator,829,8,Warehouse/storage,Non-Refrigerated Warehouse,1475.2,15879,,,US/Eastern,Yes,,,,,,,,,,,,,1,100,,,,,,
Gator_warehouse_Constance,Gator,830,8,Warehouse/storage,Non-Refrigerated Warehouse,1404.7,15120,,,US/Eastern,Yes,,,,,,,,,,,,,1,100,,,,,,
Gator_assembly_Loyce,Gator,831,8,Entertainment/public assembly,"Park, Community Centers",377.7,4065,,,US/Eastern,Yes,,,,,,,,,,,,,1,100,,,,,,
Gator_public_Noe,Gator,832,8,Public services,"Community Center, Community Centers",2462.6,26507,,,US/Eastern,Yes,,,,,,,,,,,,,1,100,,,,,,
Gator_public_Nettie,Gator,833,8,Public services,"Fire Station, Fire Stations",593.8,6392,,,US/Eastern,Yes,,,,,,,,,,,,,1,10,,,,,,
Gator_public_Lindsey,Gator,834,8,Public services,Fire Station,458.4,4934,,,US/Eastern,Yes,,,,,,,,,,,,,1,11,,,,,,
Gator_assembly_Marjorie,Gator,835,8,Entertainment/public assembly,Park,1599.8,17220,,,US/Eastern,Yes,,,,,,,,,,,,,1,100,,,,,,
Gator_public_Leroy,Gator,836,8,Public services,"Community Center, Community Centers",758.8,8168,,,US/Eastern,Yes,,,,,,,,,,,,,1,100,,,,,,
Gator_public_Alexandra,Gator,837,8,Public services,"Community Center, Community Centers",3088.7,33246,,,US/Eastern,Yes,,,,,,,,,,,,,1,100,,,,,,
Gator_public_Dale,Gator,838,8,Public services,"Community Center, Community Centers",1710.7,18414,,,US/Eastern,Yes,,,,,,,,,,,,,1,100,,,,,,
Gator_office_Hunter,Gator,839,8,Office,Office,1314.6,14150,,,US/Eastern,Yes,,,,,,,,,,,,,1,100,,,,,,
Gator_other_Reginald,Gator,840,8,Other,Other,3889,41861,,,US/Eastern,Yes,,,,,,,,,,,,,1,100,,,,,,
Gator_office_Julie,Gator,841,8,Office,Office,527.7,5680,,,US/Eastern,Yes,,,,,,,,,,,,,1,100,,,,,,
Gator_public_Latasha,Gator,842,8,Public services,"Fire Station, Fire Stations",677.4,7292,,,US/Eastern,Yes,,,,,,,,,,,,,1,10,,,,,,
Gator_assembly_Enid,Gator,843,8,Entertainment/public assembly,Park,499.8,5380,,,US/Eastern,Yes,,,,,,,,,,,,,1,100,,,,,,
Gator_assembly_Erich,Gator,844,8,Entertainment/public assembly,Museum,645.1,6944,,,US/Eastern,Yes,,,,,,,,,,,,,1,100,,,,,,
Gator_assembly_Stacy,Gator,845,8,Entertainment/public assembly,Park,79.9,860,,,US/Eastern,Yes,,,,,,,,,,,,,1,100,,,,,,
Gator_assembly_Virgie,Gator,846,8,Entertainment/public assembly,Park,44.7,481,,,US/Eastern,Yes,,,,,,,,,,,,,1,100,,,,,,
Gator_assembly_Gene,Gator,847,8,Entertainment/public assembly,"Recreation Center, Community Centers",864.3,9303,,,US/Eastern,Yes,,,,,,,,,,,,,1,100,,,,,,
Gator_office_Merle,Gator,848,8,Office,Office,794.5,8552,,,US/Eastern,Yes,,,,,,,,,,,,,1,100,,,,,,
Gator_public_Lona,Gator,849,8,Public services,"Office, Fire Stations",599,6448,,,US/Eastern,Yes,,,,,,,,,,,,,1,100,,,,,,
Gator_public_Janna,Gator,850,8,Public services,"Community Center, Community Centers",2656.1,28590,,,US/Eastern,Yes,,,,,,,,,,,,,1,100,,,,,,
Gator_public_Jayme,Gator,851,8,Public services,"Community Center, Community Centers",1549.8,16682,,,US/Eastern,Yes,,,,,,,,,,,,,1,100,,,,,,
Gator_public_Geraldine,Gator,852,8,Public services,"Fire Station, Fire Stations",1003.4,10800,,,US/Eastern,Yes,,,,,,,,,,,,,1,6,,,,,,
Gator_assembly_Roy,Gator,853,8,Entertainment/public assembly,Sports Facility,2461.5,26495,,,US/Eastern,Yes,,,,,,,,,,,,,1,100,,,,,,
Gator_assembly_Blanca,Gator,854,8,Entertainment/public assembly,Sports Facility,8573.8,92288,,,US/Eastern,Yes,,,,,,,,,,,,,1,100,,,,,,
Gator_office_August,Gator,855,8,Office,Office,4487.2,48300,,,US/Eastern,Yes,,,,,,,,,,,,,1,100,,,,,,
Gator_assembly_Selma,Gator,856,8,Entertainment/public assembly,Recreation Center,274.6,2956,,,US/Eastern,Yes,,,,,,,,,,,,,1,100,,,,,,
Gator_assembly_Hue,Gator,857,8,Entertainment/public assembly,"Performing Arts, Community Centers",371.6,4000,,,US/Eastern,Yes,,,,,,,,,,,,,1,100,,,,,,
Gator_other_Minda,Gator,858,8,Other,Other,145.5,1566,,,US/Eastern,Yes,,,,,,,,,,,,,1,100,,,,,,
Gator_public_Marissa,Gator,859,8,Public services,Police Station,371.6,4000,,,US/Eastern,Yes,,,,,,,,,,,,,1,100,,,,,,
Gator_other_Glen,Gator,860,8,Other,Other,1138.9,12259,,,US/Eastern,Yes,,,,,,,,,,,,,1,100,,,,,,
Gator_other_Russel,Gator,861,8,Other,Other,397.3,4276,,,US/Eastern,Yes,,,,,,,,,,,,,1,100,,,,,,
Gator_other_Cassandra,Gator,862,8,Other,Other,2567.8,27640,,,US/Eastern,Yes,,,,,,,,,,,,,1,100,,,,,,
Gator_public_Everette,Gator,863,8,Public services,"Community Center, Community Centers",1841.6,19823,,,US/Eastern,Yes,,,,,,,,,,,,,1,100,,,,,,
Gator_public_Kenny,Gator,864,8,Public services,"Community Center, Community Centers",1540.7,16584,,,US/Eastern,Yes,,,,,,,,,,,,,1,100,,,,,,
Gator_public_Dionna,Gator,865,8,Public services,"Fire Station, Fire Stations",945.2,10174,,,US/Eastern,Yes,,,,,,,,,,,,,1,7,,,,,,
Gator_public_Cheri,Gator,866,8,Public services,"Fire Station, Fire Stations",945.2,10174,,,US/Eastern,Yes,,,,,,,,,,,,,1,4,,,,,,
Gator_public_Natasha,Gator,867,8,Public services,Police Station,6123.5,65913,,,US/Eastern,Yes,,,,,,,,,,,,,1,0,,,,,,
Gator_public_Maude,Gator,868,8,Public services,"Fire Station, Fire Stations",5574.2,60000,,,US/Eastern,Yes,,,,,,,,,,,,,1,70,,,,,,
Gator_assembly_Kimberly,Gator,869,8,Entertainment/public assembly,Sports Facility,81290.1,875000,,,US/Eastern,Yes,,,,,,,,,,,,,1,100,,,,,,
Gator_assembly_Lucia,Gator,870,8,Entertainment/public assembly,Sports Facility,70.1,755,,,US/Eastern,Yes,,,,,,,,,,,,,1,0,,,,,,
Gator_assembly_Kayleigh,Gator,871,8,Entertainment/public assembly,Park,142.7,1536,,,US/Eastern,Yes,,,,,,,,,,,,,1,100,,,,,,
Gator_public_Erika,Gator,872,8,Public services,"Fire Station, Fire Stations",337,3627,,,US/Eastern,Yes,,,,,,,,,,,,,1,4,,,,,,
Gator_office_Lisa,Gator,873,8,Office,Office,3729.3,40142,,,US/Eastern,Yes,,,,,,,,,,,,,1,100,,,,,,
Bull_office_Lilla,Bull,874,9,Office,Office,16890.2,181805,30.26719999999989,-97.7431,US/Central,Yes,,Yes,,,,,,,,,,,,,,,,,,
Bull_lodging_Caren,Bull,875,9,Lodging/residential,Dormitory,16509.6,177708,30.26719999999989,-97.7431,US/Central,Yes,,Yes,Yes,,,,,,,,,,,,,,,,,
Bull_education_Clarice,Bull,876,9,Education,College Classroom,5132,55240,30.26719999999989,-97.7431,US/Central,Yes,,,Yes,,,,,,,,,,,,,,,,,
Bull_office_Hilton,Bull,877,9,Office,Office,743.6,8004,30.26719999999989,-97.7431,US/Central,Yes,,,,,,,,,,,,,,,,,,,,
Bull_lodging_Leonard,Bull,878,9,Lodging/residential,Dormitory,3831.4,41241,30.26719999999989,-97.7431,US/Central,Yes,,Yes,Yes,,,,,,,,,,,,,,,,,
Bull_education_Roseann,Bull,879,9,Education,College Laboratory,10241.2,110235,30.26719999999989,-97.7431,US/Central,Yes,,Yes,Yes,,,,,,,,,,,,,,,,,
Bull_education_Brenda,Bull,880,9,Education,College Classroom,14652.9,157723,30.26719999999989,-97.7431,US/Central,Yes,,Yes,Yes,,,,,,,,,,,,,,,,,
Bull_assembly_Nick,Bull,881,9,Entertainment/public assembly,Conference Center,32032.8,344798,30.26719999999989,-97.7431,US/Central,Yes,,,,,,,,,,,,,,,,,,,,
Bull_education_Brady,Bull,882,9,Education,College Classroom,3636.5,39143,30.26719999999989,-97.7431,US/Central,Yes,,,,,,,,,,,,,,,,,,,,
Bull_education_Antonia,Bull,883,9,Education,College Classroom,37099,399331,30.26719999999989,-97.7431,US/Central,Yes,,Yes,,,,,,,,,,,,,,,,,,
Bull_education_Dakota,Bull,884,9,Education,College Classroom,3585.9,38598,30.26719999999989,-97.7431,US/Central,Yes,,,,,,,,,,,,,,,,,,,,
Bull_lodging_Terence,Bull,885,9,Lodging/residential,Dormitory,3780.9,40697,30.26719999999989,-97.7431,US/Central,Yes,,Yes,Yes,,,,,,,,,,,,,,,,,
Bull_education_Annette,Bull,886,9,Education,College Laboratory,6484.5,69799,30.26719999999989,-97.7431,US/Central,Yes,,Yes,Yes,,,,,,,,,,,,,,,,,
Bull_lodging_Perry,Bull,887,9,Lodging/residential,Dormitory,6480.4,69754,30.26719999999989,-97.7431,US/Central,Yes,,Yes,Yes,,,,,,,,,,,,,,,,,
Bull_assembly_Vanessa,Bull,888,9,Entertainment/public assembly,Museum,12776.2,137522,30.26719999999989,-97.7431,US/Central,Yes,,Yes,Yes,,,,,,,,,,,,,,,,,
Bull_education_Lydia,Bull,889,9,Education,College Classroom,11712.9,126077,30.26719999999989,-97.7431,US/Central,Yes,,Yes,Yes,,,,,,,,,,,,,,,,,
Bull_education_Kristal,Bull,890,9,Education,College Laboratory,18853.5,202937,30.26719999999989,-97.7431,US/Central,Yes,,Yes,Yes,,,,,,,,,,,,,,,,,
Bull_education_Bryon,Bull,891,9,Education,College Classroom,4723.7,50846,30.26719999999989,-97.7431,US/Central,Yes,,Yes,Yes,,,,,,,,,,,,,,,,,
Bull_services_Juanita,Bull,892,9,Services,garage,44779.2,481999,30.26719999999989,-97.7431,US/Central,Yes,,,,,,,,,,,,,,,,,,,,
Bull_education_Reynaldo,Bull,893,9,Education,College Classroom,4384.2,47191,30.26719999999989,-97.7431,US/Central,Yes,,Yes,Yes,,,,,,,,,,,,,,,,,
Bull_education_Reina,Bull,894,9,Education,College Classroom,9434.8,101555,30.26719999999989,-97.7431,US/Central,Yes,,Yes,Yes,,,,,,,,,,,,,,,,,
Bull_education_Sebastian,Bull,895,9,Education,College Classroom,5117.7,55087,30.26719999999989,-97.7431,US/Central,Yes,,Yes,Yes,,,,,,,,,,,,,,,,,
Bull_education_Miquel,Bull,896,9,Education,College Classroom,22820.4,245637,30.26719999999989,-97.7431,US/Central,Yes,,Yes,Yes,,,,,,,,,,,,,,,,,
Bull_education_Summer,Bull,897,9,Education,College Classroom,3509.4,37775,30.26719999999989,-97.7431,US/Central,Yes,,,,,,,,,,,,,,,,,,,,
Bull_public_Jefferson,Bull,898,9,Public services,Library,6015.4,64749,30.26719999999989,-97.7431,US/Central,Yes,,Yes,Yes,,,,,,,,,,,,,,,,,
Bull_education_Pamela,Bull,899,9,Education,College Classroom,20904.5,225014,30.26719999999989,-97.7431,US/Central,Yes,,Yes,Yes,,,,,,,,,,,,,,,,,
Bull_education_Fabiola,Bull,900,9,Education,College Classroom,10370.1,111623,30.26719999999989,-97.7431,US/Central,Yes,,Yes,Yes,,,,,,,,,,,,,,,,,
Bull_education_Miranda,Bull,901,9,Education,College Classroom,10008.4,107730,30.26719999999989,-97.7431,US/Central,Yes,,Yes,Yes,,,,,,,,,,,,,,,,,
Bull_education_Shona,Bull,902,9,Education,College Laboratory,1352.8,14561,30.26719999999989,-97.7431,US/Central,Yes,,,,,,,,,,,,,,,,,,,,
Bull_education_Carl,Bull,903,9,Education,College Laboratory,25622,275793,30.26719999999989,-97.7431,US/Central,Yes,,Yes,Yes,,,,,,,,,,,,,,,,,
Bull_education_Jeffery,Bull,904,9,Education,College Laboratory,2783.5,29961,30.26719999999989,-97.7431,US/Central,Yes,,,,,,,,,,,,,,,,,,,,
Bull_lodging_Lettie,Bull,905,9,Lodging/residential,Dormitory,3683.4,39648,30.26719999999989,-97.7431,US/Central,Yes,,Yes,Yes,,,,,,,,,,,,,,,,,
Bull_lodging_Carie,Bull,906,9,Lodging/residential,Dormitory,3683.5,39649,30.26719999999989,-97.7431,US/Central,Yes,,Yes,Yes,,,,,,,,,,,,,,,,,
Bull_assembly_Brandon,Bull,907,9,Entertainment/public assembly,Sports Stadium,4140.1,44564,30.26719999999989,-97.7431,US/Central,Yes,,Yes,Yes,,,,,,,,,,,,,,,,,
Bull_education_Mario,Bull,908,9,Education,College Classroom,8477.8,91254,30.26719999999989,-97.7431,US/Central,Yes,,Yes,Yes,,,,,,,,,,,,,,,,,
Bull_assembly_Katia,Bull,909,9,Entertainment/public assembly,Sports Stadium,6142.8,66121,30.26719999999989,-97.7431,US/Central,Yes,,,,,,,,,,,,,,,,,,,,
Bull_office_Myron,Bull,910,9,Office,Office,5583.1,60096,30.26719999999989,-97.7431,US/Central,Yes,,Yes,Yes,,,,,,,,,,,,,,,,,
Bull_education_Krista,Bull,911,9,Education,College Laboratory,22263.1,239638,30.26719999999989,-97.7431,US/Central,Yes,,Yes,Yes,,,,,,,,,,,,,,,,,
Bull_education_Venita,Bull,912,9,Education,College Laboratory,4882.9,52559,30.26719999999989,-97.7431,US/Central,Yes,,Yes,Yes,,,,,,,,,,,,,,,,,
Bull_assembly_Beau,Bull,913,9,Entertainment/public assembly,Conference Center,46789.1,503634,30.26719999999989,-97.7431,US/Central,Yes,,Yes,Yes,,,,,,,,,,,,,,,,,
Bull_education_Brain,Bull,914,9,Education,College Laboratory,21365.2,229973,30.26719999999989,-97.7431,US/Central,Yes,,Yes,Yes,,,,,,,,,,,,,,,,,
Bull_education_Nichole,Bull,915,9,Education,Student Union,19058.2,205141,30.26719999999989,-97.7431,US/Central,Yes,,Yes,Yes,,,,,,,,,,,,,,,,,
Bull_education_Pablo,Bull,916,9,Education,College Classroom,4810.3,51778,30.26719999999989,-97.7431,US/Central,Yes,,Yes,Yes,,,,,,,,,,,,,,,,,
Bull_education_Arthur,Bull,917,9,Education,College Classroom,22083.2,237702,30.26719999999989,-97.7431,US/Central,Yes,,Yes,Yes,,,,,,,,,,,,,,,,,
Bull_education_Elva,Bull,918,9,Education,College Classroom,5631.9,60621,30.26719999999989,-97.7431,US/Central,Yes,,Yes,Yes,,,,,,,,,,,,,,,,,
Bull_education_Brandi,Bull,919,9,Education,College Classroom,2901.6,31233,30.26719999999989,-97.7431,US/Central,Yes,,,,,,,,,,,,,,,,,,,,
Bull_education_Magaret,Bull,920,9,Education,College Classroom,7954.6,85623,30.26719999999989,-97.7431,US/Central,Yes,,Yes,Yes,,,,,,,,,,,,,,,,,
Bull_assembly_Lance,Bull,921,9,Entertainment/public assembly,Gymnasium,24355.6,262162,30.26719999999989,-97.7431,US/Central,Yes,,Yes,Yes,,,,,,,,,,,,,,,,,
Bull_education_Genie,Bull,922,9,Education,College Classroom,13675.8,147205,30.26719999999989,-97.7431,US/Central,Yes,,Yes,Yes,,,,,,,,,,,,,,,,,
Bull_education_Geneva,Bull,923,9,Education,Auditorium,2321.8,24992,30.26719999999989,-97.7431,US/Central,Yes,,Yes,,,,,,,,,,,,,,,,,,
Bull_assembly_Nathanial,Bull,924,9,Entertainment/public assembly,Museum,23436.5,252268,30.26719999999989,-97.7431,US/Central,Yes,,Yes,Yes,,,,,,,,,,,,,,,,,
Bull_education_Patrina,Bull,925,9,Education,College Classroom,5054.4,54405,30.26719999999989,-97.7431,US/Central,Yes,,Yes,Yes,,,,,,,,,,,,,,,,,
Bull_education_Lyn,Bull,926,9,Education,College Classroom,2418.5,26033,30.26719999999989,-97.7431,US/Central,Yes,,Yes,Yes,,,,,,,,,,,,,,,,,
Bull_lodging_Travis,Bull,927,9,Lodging/residential,Dormitory,69275.1,745671,30.26719999999989,-97.7431,US/Central,Yes,,Yes,Yes,,,,,,,,,,,,,,,,,
Bull_education_Kendra,Bull,928,9,Education,College Classroom,16640.3,179115,30.26719999999989,-97.7431,US/Central,Yes,,Yes,Yes,,,,,,,,,,,,,,,,,
Bull_education_Clarita,Bull,929,9,Education,College Laboratory,18546,199628,30.26719999999989,-97.7431,US/Central,Yes,,Yes,Yes,,,,,,,,,,,,,,,,,
Bull_office_Nicolas,Bull,930,9,Office,Office,1943.3,20917,30.26719999999989,-97.7431,US/Central,Yes,,,,,,,,,,,,,,,,,,,,
Bull_education_Roland,Bull,931,9,Education,College Classroom,20071.7,216050,30.26719999999989,-97.7431,US/Central,Yes,,Yes,Yes,,,,,,,,,,,,,,,,,
Bull_lodging_Dave,Bull,932,9,Lodging/residential,Dormitory,21733.4,233937,30.26719999999989,-97.7431,US/Central,Yes,,Yes,Yes,,,,,,,,,,,,,,,,,
Bull_office_Mai,Bull,933,9,Office,office,792,8525,30.26719999999989,-97.7431,US/Central,Yes,,Yes,Yes,,,,,,,,,,,,,,,,,
Bull_assembly_Freda,Bull,934,9,Entertainment/public assembly,Museum,15849.9,170607,30.26719999999989,-97.7431,US/Central,,,Yes,Yes,,,,,,,,,,,,,,,,,
Bull_office_Anne,Bull,935,9,Office,Office,1499,16135,30.26719999999989,-97.7431,US/Central,Yes,,Yes,,,,,,,,,,,,,,,,,,
Bull_lodging_Abby,Bull,936,9,Lodging/residential,Dormitory,1054.4,11350,30.26719999999989,-97.7431,US/Central,Yes,,,,,,,,,,,,,,,,,,,,
Bull_lodging_Graciela,Bull,937,9,Lodging/residential,Dormitory,961.2,10346,30.26719999999989,-97.7431,US/Central,Yes,,,,,,,,,,,,,,,,,,,,
Bull_lodging_Elena,Bull,938,9,Lodging/residential,Dormitory,1043,11227,30.26719999999989,-97.7431,US/Central,Yes,,,,,,,,,,,,,,,,,,,,
Bull_lodging_Allen,Bull,939,9,Lodging/residential,Dormitory,748,8051,30.26719999999989,-97.7431,US/Central,Yes,,,,,,,,,,,,,,,,,,,,
Bull_lodging_Charlotte,Bull,940,9,Lodging/residential,Dormitory,750.6,8079,30.26719999999989,-97.7431,US/Central,Yes,,,,,,,,,,,,,,,,,,,,
Bull_lodging_Xavier,Bull,941,9,Lodging/residential,Dormitory,750.6,8079,30.26719999999989,-97.7431,US/Central,Yes,,,,,,,,,,,,,,,,,,,,
Bull_lodging_Jeremiah,Bull,942,9,Lodging/residential,Dormitory,5326.5,57334,30.26719999999989,-97.7431,US/Central,Yes,,Yes,Yes,,,,,,,,,,,,,,,,,
Bull_assembly_Newton,Bull,943,9,Entertainment/public assembly,Theater,527.9,5682,30.26719999999989,-97.7431,US/Central,Yes,,,,,,,,,,,,,,,,,,,,
Bull_services_Nadine,Bull,944,9,Services,garage,36198.8,389641,30.26719999999989,-97.7431,US/Central,Yes,,,,,,,,,,,,,,,,,,,,
Bull_office_Rob,Bull,945,9,Office,Office,30885.3,332447,30.26719999999989,-97.7431,US/Central,Yes,,Yes,Yes,,,,,,,,,,,,,,,,,
Bull_education_Jae,Bull,946,9,Education,College Laboratory,16463.9,177216,30.26719999999989,-97.7431,US/Central,Yes,,Yes,Yes,,,,,,,,,,,,,,,,,
Bull_education_Nolan,Bull,947,9,Education,College Classroom,8512.6,91629,30.26719999999989,-97.7431,US/Central,Yes,,,,,,,,,,,,,,,,,,,,
Bull_assembly_Lesa,Bull,948,9,Entertainment/public assembly,Athletic Field,1892.6,20372,30.26719999999989,-97.7431,US/Central,Yes,,Yes,Yes,,,,,,,,,,,,,,,,,
Bull_lodging_Hugo,Bull,949,9,Lodging/residential,Dormitory,8062.7,86786,30.26719999999989,-97.7431,US/Central,Yes,,Yes,Yes,,,,,,,,,,,,,,,,,
Bull_assembly_Daryl,Bull,950,9,Entertainment/public assembly,Athletic Field,1491.3,16052,30.26719999999989,-97.7431,US/Central,Yes,,,,,,,,,,,,,,,,,,,,
Bull_office_Chantel,Bull,951,9,Office,Office,9654.9,103924,30.26719999999989,-97.7431,US/Central,Yes,,Yes,Yes,,,,,,,,,,,,,,,,,
Bull_education_Mervin,Bull,952,9,Education,College Classroom,20255.1,218024,30.26719999999989,-97.7431,US/Central,Yes,,Yes,Yes,,,,,,,,,,,,,,,,,
Bull_assembly_Amalia,Bull,953,9,Entertainment/public assembly,Sports Stadium,52377,563782,30.26719999999989,-97.7431,US/Central,Yes,,Yes,Yes,,,,,,,,,,,,,,,,,
Bull_education_Delia,Bull,954,9,Education,College Laboratory,28356.2,305224,30.26719999999989,-97.7431,US/Central,Yes,,Yes,Yes,,,,,,,,,,,,,,,,,
Bull_education_Barry,Bull,955,9,Education,College Laboratory,18440.1,198488,30.26719999999989,-97.7431,US/Central,Yes,,Yes,Yes,,,,,,,,,,,,,,,,,
Bull_office_Efren,Bull,956,9,Office,Office,8005.2,86167,30.26719999999989,-97.7431,US/Central,Yes,,Yes,Yes,,,,,,,,,,,,,,,,,
Bull_education_Violeta,Bull,957,9,Education,College Classroom,10330.3,111195,30.26719999999989,-97.7431,US/Central,Yes,,Yes,Yes,,,,,,,,,,,,,,,,,
Bull_assembly_Freddie,Bull,958,9,Entertainment/public assembly,Theater,21815.4,234819,30.26719999999989,-97.7431,US/Central,Yes,,Yes,Yes,,,,,,,,,,,,,,,,,
Bull_education_Dan,Bull,959,9,Education,College Laboratory,11941.4,128536,30.26719999999989,-97.7431,US/Central,Yes,,Yes,Yes,,,,,,,,,,,,,,,,,
Bull_education_Dania,Bull,960,9,Education,College Classroom,5215.3,56137,30.26719999999989,-97.7431,US/Central,Yes,,Yes,Yes,,,,,,,,,,,,,,,,,
Bull_education_Bernice,Bull,961,9,Education,College Laboratory,14481.9,155882,30.26719999999989,-97.7431,US/Central,Yes,,Yes,Yes,,,,,,,,,,,,,,,,,
Bull_public_Hyun,Bull,962,9,Public services,Library,45791.7,492898,30.26719999999989,-97.7431,US/Central,Yes,,Yes,Yes,,,,,,,,,,,,,,,,,
Bull_lodging_Anibal,Bull,963,9,Lodging/residential,Dormitory,4160.6,44784,30.26719999999989,-97.7431,US/Central,Yes,,Yes,Yes,,,,,,,,,,,,,,,,,
Bull_education_Nina,Bull,964,9,Education,College Laboratory,12131,130577,30.26719999999989,-97.7431,US/Central,Yes,,Yes,Yes,,,,,,,,,,,,,,,,,
Bull_lodging_Danielle,Bull,965,9,Lodging/residential,Dormitory,4188.6,45086,30.26719999999989,-97.7431,US/Central,Yes,,Yes,Yes,,,,,,,,,,,,,,,,,
Bull_education_Racheal,Bull,966,9,Education,College Laboratory,36560.1,393530,30.26719999999989,-97.7431,US/Central,Yes,,Yes,Yes,,,,,,,,,,,,,,,,,
Bull_assembly_Gerri,Bull,967,9,Entertainment/public assembly,Sports Stadium,11079.8,119262,30.26719999999989,-97.7431,US/Central,Yes,,Yes,Yes,,,,,,,,,,,,,,,,,
Bull_education_Linnie,Bull,968,9,Education,Student Union,14307,153999,30.26719999999989,-97.7431,US/Central,Yes,,Yes,Yes,,,,,,,,,,,,,,,,,
Bull_education_Hayley,Bull,969,9,Education,College Classroom,17997.4,193723,30.26719999999989,-97.7431,US/Central,Yes,,Yes,Yes,,,,,,,,,,,,,,,,,
Bull_services_Jeanmarie,Bull,970,9,Services,garage,32149.6,346056,30.26719999999989,-97.7431,US/Central,Yes,,,,,,,,,,,,,,,,,,,,
Bull_lodging_Melissa,Bull,971,9,Lodging/residential,Dormitory,27992.3,301307,30.26719999999989,-97.7431,US/Central,Yes,,Yes,Yes,,,,,,,,,,,,,,,,,
Bull_education_Juan,Bull,972,9,Education,College Classroom,26212.8,282152,30.26719999999989,-97.7431,US/Central,Yes,,Yes,Yes,,,,,,,,,,,,,,,,,
Bull_office_Yvonne,Bull,973,9,Office,Office,18019.5,193960,30.26719999999989,-97.7431,US/Central,Yes,,Yes,Yes,,,,,,,,,,,,,,,,,
Bull_education_Gregory,Bull,974,9,Education,College Classroom,17333.1,186572,30.26719999999989,-97.7431,US/Central,Yes,,Yes,Yes,,,,,,,,,,,,,,,,,
Bull_assembly_Gigi,Bull,975,9,Entertainment/public assembly,Sports Stadium,39620.5,426472,30.26719999999989,-97.7431,US/Central,Yes,,Yes,,,,,,,,,,,,,,,,,,
Bull_education_Myra,Bull,976,9,Education,College Classroom,5527.5,59498,30.26719999999989,-97.7431,US/Central,Yes,,Yes,Yes,,,,,,,,,,,,,,,,,
Bull_office_Ella,Bull,977,9,Office,Office,821,8837,30.26719999999989,-97.7431,US/Central,Yes,,,,,,,,,,,,,,,,,,,,
Bull_education_Tracey,Bull,978,9,Education,College Classroom,24014.6,258491,30.26719999999989,-97.7431,US/Central,Yes,,Yes,Yes,,,,,,,,,,,,,,,,,
Bull_assembly_Goldie,Bull,979,9,Entertainment/public assembly,Conference Center,4864.1,52357,30.26719999999989,-97.7431,US/Central,Yes,,Yes,Yes,,,,,,,,,,,,,,,,,
Bull_assembly_Dorethea,Bull,980,9,Entertainment/public assembly,Museum,3234.8,34819,30.26719999999989,-97.7431,US/Central,Yes,,Yes,Yes,,,,,,,,,,,,,,,,,
Bull_education_Joseph,Bull,981,9,Education,College Classroom,15519.9,167055,30.26719999999989,-97.7431,US/Central,Yes,,Yes,Yes,,,,,,,,,,,,,,,,,
Bull_services_Rachelle,Bull,982,9,Services,garage,34691.5,373416,30.26719999999989,-97.7431,US/Central,Yes,,,,,,,,,,,,,,,,,,,,
Bull_assembly_Maren,Bull,983,9,Entertainment/public assembly,Swimming Pool,11345.5,122122,30.26719999999989,-97.7431,US/Central,Yes,,Yes,Yes,,,,,,,,,,,,,,,,,
Bull_services_Winford,Bull,984,9,Services,garage,19904.7,214252,30.26719999999989,-97.7431,US/Central,Yes,,,,,,,,,,,,,,,,,,,,
Bull_office_Ivette,Bull,985,9,Office,Office,3229.1,34758,30.26719999999989,-97.7431,US/Central,Yes,,,,,,,,,,,,,,,,,,,,
Bull_office_Marco,Bull,986,9,Office,Office,3165.4,34072,30.26719999999989,-97.7431,US/Central,Yes,,,,,,,,,,,,,,,,,,,,
Bull_education_Luke,Bull,987,9,Education,Student Union,15458.6,166395,30.26719999999989,-97.7431,US/Central,Yes,,Yes,Yes,,,,,,,,,,,,,,,,,
Bull_office_Claudia,Bull,988,9,Office,Office,2272.7,24463,30.26719999999989,-97.7431,US/Central,Yes,,,,,,,,,,,,,,,,,,,,
Bull_education_Dora,Bull,989,9,Education,College Classroom,15672.4,168696,30.26719999999989,-97.7431,US/Central,Yes,,Yes,Yes,,,,,,,,,,,,,,,,,
Bull_office_Sally,Bull,990,9,Office,Office,7705.3,82939,30.26719999999989,-97.7431,US/Central,Yes,,Yes,,,,,,,,,,,,,,,,,,
Bull_education_Olive,Bull,991,9,Education,College Classroom,5370.8,57811,30.26719999999989,-97.7431,US/Central,Yes,,Yes,Yes,,,,,,,,,,,,,,,,,
Bull_office_Debbie,Bull,992,9,Office,Office,4782.9,51483,30.26719999999989,-97.7431,US/Central,Yes,,Yes,Yes,,,,,,,,,,,,,,,,,
Bull_education_Dottie,Bull,993,9,Education,College Laboratory,39822.6,428647,30.26719999999989,-97.7431,US/Central,Yes,,Yes,Yes,,,,,,,,,,,,,,,,,
Bull_education_Matilda,Bull,994,9,Education,College Classroom,10069.9,108392,30.26719999999989,-97.7431,US/Central,Yes,,Yes,Yes,,,,,,,,,,,,,,,,,
Bull_education_Lenny,Bull,995,9,Education,College Classroom,4294.9,46230,30.26719999999989,-97.7431,US/Central,Yes,,Yes,Yes,,,,,,,,,,,,,,,,,
Bull_education_Stewart,Bull,996,9,Education,College Laboratory,7212.2,77632,30.26719999999989,-97.7431,US/Central,Yes,,Yes,Yes,,,,,,,,,,,,,,,,,
Bull_office_Trevor,Bull,997,9,Office,Office,3546.4,38173,30.26719999999989,-97.7431,US/Central,Yes,,Yes,Yes,,,,,,,,,,,,,,,,,
Bobcat_education_Miki,Bobcat,998,10,Education,Academic,16116.7,173479,,,US/Mountain,Yes,Yes,Yes,,Yes,,,,,,,,,1,0,,,,,,
Bobcat_education_Barbra,Bobcat,,10,Education,Academic,2538,27319,,,US/Mountain,Yes,,,,,,,,,,,,,2,0,,,,,,
Bobcat_education_Coleman,Bobcat,999,10,Education,Academic,10551.9,113580,,,US/Mountain,Yes,,,,Yes,,Yes,,,,,,,2,0,,,,,,
Bobcat_education_Alissa,Bobcat,1000,10,Education,Academic,11254.8,121146,,,US/Mountain,Yes,Yes,Yes,,Yes,,Yes,Yes,,,,,,2,0,,,,,,
Bobcat_other_Jovita,Bobcat,1001,10,Other,Other,416.4,4482,,,US/Mountain,Yes,,Yes,,Yes,,,,,,,,,1,0,,,,,,
Bobcat_education_Rafael,Bobcat,,10,Education,Academic,1314.9,14154,,,US/Mountain,,,,,,,,Yes,,,,,,2,0,,,,,,
Bobcat_assembly_Franklin,Bobcat,1002,10,Entertainment/public assembly,Sports Facility,15047.4,161969,,,US/Mountain,Yes,,Yes,,Yes,,,Yes,,,,,,1,0,,,,,,
Bobcat_education_Angela,Bobcat,1003,10,Education,Academic,8802.7,94751,,,US/Mountain,Yes,Yes,Yes,,Yes,,,,,,,,,3,0,,,,,,
Bobcat_education_Whitney,Bobcat,1004,10,Education,Academic,6957.1,74886,,,US/Mountain,Yes,,Yes,,Yes,,,,,,,,,2,0,,,,,,
Bobcat_office_Justine,Bobcat,1005,10,Office,Office,2445.7,26325,,,US/Mountain,Yes,,,,Yes,,Yes,Yes,,,,,,1,0,,,,,,
Bobcat_office_Melody,Bobcat,1006,10,Office,Office,2503.6,26948,,,US/Mountain,Yes,,,,Yes,,,,,,,,,1,0,,,,,,
Bobcat_office_Nikita,Bobcat,1007,10,Office,Office,3895.7,41933,,,US/Mountain,Yes,,,,Yes,,,Yes,,,,,,2,0,,,,,,
Bobcat_education_Marisha,Bobcat,1008,10,Education,Academic,6913.8,74420,,,US/Mountain,Yes,Yes,Yes,,Yes,,,,,,,,,2,0,,,,,,
Bobcat_education_Toni,Bobcat,1009,10,Education,Academic,2033.8,21892,,,US/Mountain,Yes,Yes,Yes,,Yes,,,,,,,,,2,0,,,,,,
Bobcat_office_Alma,Bobcat,1010,10,Office,Office,1060.9,11419,,,US/Mountain,Yes,,,,,,,,,,,,,1,0,,,,,,
Bobcat_education_Rodrick,Bobcat,,10,Education,Academic,11088,119350,,,US/Mountain,Yes,Yes,,,Yes,,,,,,,,,3,0,,,,,,
Bobcat_education_Karin,Bobcat,1011,10,Education,Academic,6052.1,65144,,,US/Mountain,Yes,Yes,Yes,,Yes,,,,,,,,,4,0,,,,,,
Bobcat_education_Monte,Bobcat,1012,10,Education,Academic,2147.2,23112,,,US/Mountain,Yes,Yes,Yes,,Yes,,,,,,,,,2,0,,,,,,
Bobcat_education_Jayne,Bobcat,1013,10,Education,Academic,6259.5,67377,,,US/Mountain,Yes,,Yes,,,,,,,,,,,3,0,,,,,,
Bobcat_office_Kassandra,Bobcat,1014,10,Office,Office,4003.6,43094,,,US/Mountain,Yes,,Yes,,Yes,,,,,,,,,3,0,,,,,,
Bobcat_other_Howard,Bobcat,1015,10,Other,Other,428,4607,,,US/Mountain,Yes,,Yes,,Yes,,,,,,,,,1,0,,,,,,
Bobcat_other_Timothy,Bobcat,1016,10,Other,Other,938.6,10103,,,US/Mountain,Yes,,,,Yes,,Yes,,,,,,,1,0,,,,,,
Bobcat_warehouse_Charlie,Bobcat,,10,Warehouse/storage,Non-Refrigerated Warehouse,2213.2,23823,,,US/Mountain,Yes,,,,,,,,,,,,,1,0,,,,,,
Bobcat_science_Tammy,Bobcat,1017,10,Technology/science,Science Facility,10150.9,109263,,,US/Mountain,Yes,Yes,Yes,,Yes,,,,,,,,,6,0,,,,,,
Bobcat_education_Dylan,Bobcat,1018,10,Education,Student Center,17358,186840,,,US/Mountain,Yes,Yes,Yes,,Yes,,Yes,,,,,,,2,0,,,,,,
Bobcat_public_Angie,Bobcat,,10,Public services,Library,14777.3,159062,,,US/Mountain,Yes,Yes,Yes,,Yes,,,,,,,,,2,0,,,,,,
Bobcat_assembly_Camilla,Bobcat,1019,10,Entertainment/public assembly,Sports Facility,3696.4,39788,,,US/Mountain,Yes,Yes,Yes,,Yes,,,,,,,,,5,0,,,,,,
Bobcat_assembly_Adam,Bobcat,1020,10,Entertainment/public assembly,Sports Facility,2053.2,22101,,,US/Mountain,Yes,,Yes,,Yes,,,,,,,,,2,0,,,,,,
Bobcat_assembly_Billy,Bobcat,1021,10,Entertainment/public assembly,Sports Facility,19859.1,213762,,,US/Mountain,Yes,Yes,Yes,,Yes,,,,,,,,,2,0,,,,,,
Bobcat_education_Rosalva,Bobcat,1022,10,Education,Student Center,7836,84346,,,US/Mountain,Yes,Yes,Yes,,Yes,,,,,,,,,2,0,,,,,,
Bobcat_education_Hollis,Bobcat,1023,10,Education,Academic,8173.2,87976,,,US/Mountain,Yes,,,,,,,,,,,,,2,0,,,,,,
Bobcat_education_Seth,Bobcat,,10,Education,Academic,17179.3,184917,,,US/Mountain,Yes,Yes,Yes,,Yes,,,Yes,,,,,,4,0,,,,,,
Bobcat_education_Emile,Bobcat,1024,10,Education,Academic,5003.3,53855,,,US/Mountain,Yes,Yes,Yes,,Yes,,,,,,,,,2,0,,,,,,
Bobcat_lodging_Nickolas,Bobcat,1025,10,Lodging/residential,Residence Hall/Dormitory,4834.1,52034,,,US/Mountain,Yes,,,,Yes,,,,,,,,,2,166,,,,,,
Bobcat_lodging_Darin,Bobcat,1026,10,Lodging/residential,Residence Hall/Dormitory,8220.1,88480,,,US/Mountain,Yes,,,,Yes,,,Yes,,,,,,1,216,,,,,,
Bobcat_lodging_Melaine,Bobcat,1027,10,Lodging/residential,Residence Hall/Dormitory,3294.8,35465,,,US/Mountain,Yes,,,,Yes,,,Yes,,,,,,2,0,,,,,,
Crow_education_Marlin,Crow,1028,11,Education,Academic,7561.4,81390,45.3876,-75.696,US/Eastern,Yes,Yes,Yes,,,,,,Education,College/University,,,,,,,,,,,
Crow_education_Keisha,Crow,1029,11,Education,Academic,14173.2,152559,45.3876,-75.696,US/Eastern,Yes,Yes,Yes,,,,,,Education,College/University,,,,,,,,,,,
Crow_education_Kate,Crow,1030,11,Education,Academic,6320.2,68030,45.3876,-75.696,US/Eastern,Yes,Yes,Yes,,,,,,Education,College/University,,,,,,,,,,,
Crow_education_Winston,Crow,1031,11,Education,Academic,8659.1,93206,45.3876,-75.696,US/Eastern,Yes,Yes,Yes,,,,,,Education,College/University,,,,,,,,,,,
Crow_education_Omer,Crow,1032,11,Education,Academic,11857.4,127632,45.3876,-75.696,US/Eastern,Yes,Yes,Yes,,,,,,Education,College/University,,,,,,,,,,,
Shrew_office_Katherine,Shrew,,,Office,Office,3410,36705,51.49984,-0.124663,Europe/London,Yes,,,,,,,,Government,Other Government Buildings,Gas,1902,,7,264,,,,,,E
Shrew_office_Doris,Shrew,,,Office,Office,22568.9,242930,51.49984,-0.124663,Europe/London,Yes,,,,,,,Yes,Government,Other Government Buildings,Gas,,,11,410,,,,,,G
Shrew_office_Rose,Shrew,,,Office,Office,1058,11388,51.49984,-0.124663,Europe/London,Yes,,,,,,,Yes,Government,Other Government Buildings,Gas,,,5,46,,,,,,E
Shrew_office_Lin,Shrew,,,Office,Office,13995,150641,51.49984,-0.124663,Europe/London,Yes,,,,,,,,Government,Other Government Buildings,Gas,1915,,10,818,,,,,,E
Shrew_office_Kenneth,Shrew,,,Office,Office,1719,18503,51.49984,-0.124663,Europe/London,Yes,,,,,,,,Government,Other Government Buildings,Electricity,1937,,7,97,,,,,,F
Shrew_office_Nora,Shrew,,,Office,Office,10203,109824,51.49984,-0.124663,Europe/London,Yes,,,,,,,Yes,Government,Other Government Buildings,Gas,1906,,9,393,,,,,,F
Shrew_office_Ila,Shrew,,,Office,Office,10905,117380,51.49984,-0.124663,Europe/London,Yes,,,,,,,,Government,Other Government Buildings,Gas,,,10,525,,,,,,E
Shrew_office_Doug,Shrew,,,Office,Office,5630,60601,51.49984,-0.124663,Europe/London,Yes,,,,,,,Yes,Government,Other Government Buildings,Gas,1906,,10,283,,,,,,E
Shrew_office_Sherill,Shrew,,,Office,Office,18098,194805,51.49984,-0.124663,Europe/London,Yes,,,,,,,,Government,Other Government Buildings,Gas,2000,,10,721,,,,,,E
Swan_unknown_Reyna,Swan,,,,,6154.5,66247,,,US/Pacific,Yes,Yes,Yes,,,,,,,,,1972,1/1/1972,,,,,,,,
Swan_unknown_Douglas,Swan,,,,,7736.2,83272,,,US/Pacific,Yes,,Yes,,,,,,,,,1989,1/1/1989,,,,,,,,
Swan_unknown_Darrin,Swan,,,,,6319.8,68026,,,US/Pacific,,Yes,Yes,,,,,,,,,1901,1/1/1901,,,,,,,,
Swan_unknown_Ike,Swan,,,,,6928.1,74574,,,US/Pacific,Yes,Yes,Yes,,,,,,,,,1903,1/1/1903,,,,,,,,
Swan_unknown_Esteban,Swan,,,,,6976.4,75093,,,US/Pacific,Yes,,Yes,,,,,,,,,1990,1/1/1990,,,,,,,,
Swan_unknown_Christoper,Swan,,,,,8636.6,92964,,,US/Pacific,Yes,,Yes,,,,,,,,,1940,1/1/1940,,,,,,,,
Swan_unknown_Isaiah,Swan,,,,,14806.3,159374,,,US/Pacific,Yes,Yes,Yes,,,,,,,,,2000,1/1/2000,,,,,,,,
Swan_unknown_Tom,Swan,,,,,4645,49998,,,US/Pacific,Yes,Yes,Yes,,,,,,,,,1986,1/1/1986,,,,,,,,
Swan_unknown_Jan,Swan,,,,,14952,160942,,,US/Pacific,Yes,Yes,Yes,,,,,,,,,1996,1/1/1996,,,,,,,,
Swan_unknown_Andres,Swan,,,,,11538.7,124202,,,US/Pacific,Yes,Yes,Yes,,,,,,,,,1998,1/8/1998,,,,,,,,
Swan_unknown_Jerold,Swan,,,,,7746.6,83384,,,US/Pacific,Yes,Yes,Yes,,,,,,,,,1965,1/1/1965,,,,,,,,
Swan_unknown_Rocco,Swan,,,,,4779.2,51443,,,US/Pacific,Yes,Yes,Yes,,,,,,,,,1999,1/11/1999,,,,,,,,
Swan_unknown_Raquel,Swan,,,,,11381.5,122509,,,US/Pacific,Yes,Yes,Yes,,,,,,,,,1998,1/1/1998,,,,,,,,
Swan_unknown_Wendy,Swan,,,,,7149.1,76952,,,US/Pacific,Yes,Yes,Yes,,,,,,,,,2005,1/9/2005,,,,,,,,
Swan_unknown_Yoshiko,Swan,,,,,1465.4,15773,,,US/Pacific,,Yes,Yes,,,,,,,,,1952,1/1/1952,,,,,,,,
Swan_unknown_Allison,Swan,,,,,1699.8,18296,,,US/Pacific,Yes,Yes,Yes,,,,,,,,,1900,1/1/1900,,,,,,,,
Swan_unknown_Valeria,Swan,,,,,1238.3,13329,,,US/Pacific,Yes,,Yes,,,,,,,,,1975,1/1/1975,,,,,,,,
Swan_unknown_Rudy,Swan,,,,,6394.6,68831,,,US/Pacific,Yes,Yes,Yes,,,,,,,,,2006,1/9/2006,,,,,,,,
Swan_unknown_Fabian,Swan,,,,,4233.6,45570,,,US/Pacific,Yes,Yes,Yes,,,,,,,,,2009,1/10/2009,,,,,,,,
Swan_unknown_Noelia,Swan,,,,,943.9,10160,,,US/Pacific,Yes,Yes,Yes,,,,,,,,,1993,1/1/1993,,,,,,,,
Swan_unknown_Bette,Swan,,,,,5777.3,62186,,,US/Pacific,Yes,,,,,,,,,,,2017,1/6/2017,,,,,,,,
Wolf_education_Anisa,Wolf,1033,12,Education,College Classroom,11008,118489,53.34979999999997,6.2603,Europe/Dublin,Yes,,,,,,,,Education,College/University,,,,,,,,,,,
Wolf_retail_Marcella,Wolf,1034,12,Retail,Retail,363,3907,53.34979999999997,6.2603,Europe/Dublin,Yes,,,,,,,,Education,College/University,,,,1,,,,,,,
Wolf_office_Joana,Wolf,1035,12,Office,Office,1355,14585,53.34979999999997,6.2603,Europe/Dublin,Yes,,,,,,,Yes,Education,College/University,,,,,,,,,,,
Wolf_office_Darleen,Wolf,1036,12,Office,Office,5036,54207,53.34979999999997,6.2603,Europe/Dublin,Yes,,,,,,,,Education,College/University,,,,,,,,,,,
Wolf_education_Roderick,Wolf,1037,12,Education,College Classroom,818,8805,53.34979999999997,6.2603,Europe/Dublin,Yes,,,,Yes,,,Yes,Education,College/University,,,,,,,,,,,
Wolf_science_Alfreda,Wolf,1038,12,Technology/science,Data Centre,914,9838,53.34979999999997,6.2603,Europe/Dublin,Yes,,,,,,,,Education,College/University,,,,,,,,,,,
Wolf_education_Katie,Wolf,1039,12,Education,College Classroom,2803,30171,53.34979999999997,6.2603,Europe/Dublin,Yes,,,,,,,Yes,Education,College/University,,,,3,,,,,,,
Wolf_office_Cary,Wolf,1040,12,Office,Office,11795,126960,53.34979999999997,6.2603,Europe/Dublin,Yes,,,,Yes,,,,Education,College/University,,,,,,,,,,,
Wolf_education_Josefa,Wolf,1041,12,Education,School,750,8073,53.34979999999997,6.2603,Europe/Dublin,Yes,,,,Yes,,,,Education,College/University,,,,,,,,,,,
Wolf_office_Nadia,Wolf,1042,12,Office,Office,2745,29547,53.34979999999997,6.2603,Europe/Dublin,Yes,,,,,,,,Education,College/University,,,,,,,,,,,
Wolf_office_Elisabeth,Wolf,1043,12,Office,Office,2591,27889,53.34979999999997,6.2603,Europe/Dublin,Yes,,,,,,,,Education,College/University,,,,,,,,,,,
Wolf_education_Ursula,Wolf,1044,12,Education,College Classroom,13998,150673,53.34979999999997,6.2603,Europe/Dublin,Yes,,,,Yes,,,Yes,Education,College/University,,,,4,,,,,,,C1
Wolf_office_Rochelle,Wolf,1045,12,Office,Office,3115,33530,53.34979999999997,6.2603,Europe/Dublin,Yes,,,,Yes,,,Yes,Education,College/University,,,,,,,,,,,
Wolf_education_Laurinda,Wolf,1046,12,Education,College Classroom,18706,201350,53.34979999999997,6.2603,Europe/Dublin,Yes,,,,,,,Yes,Education,College/University,,,,,,,,,,,
Wolf_public_Norma,Wolf,1047,12,Public services,Library,23500,252952,53.34979999999997,6.2603,Europe/Dublin,Yes,,,,,,,,Education,College/University,,,,,,,,,,,
Wolf_education_Cheryl,Wolf,1048,12,Education,College Classroom,25605,275610,53.34979999999997,6.2603,Europe/Dublin,Yes,,,,,,,,Education,College/University,,,,,,,,,,,C1
Wolf_education_Vivian,Wolf,1049,12,Education,College Classroom,8770,94399,53.34979999999997,6.2603,Europe/Dublin,Yes,,,,Yes,,,,Education,College/University,,,,,,,,,,,
Wolf_office_Bobbie,Wolf,1050,12,Office,Office,4691,50493,53.34979999999997,6.2603,Europe/Dublin,Yes,,,,Yes,,,,Education,College/University,,,,2,,,,,,,
Wolf_education_Cody,Wolf,1051,12,Education,College Classroom,2639,28406,53.34979999999997,6.2603,Europe/Dublin,Yes,,,,Yes,,,Yes,Education,College/University,,,,1,,,,,,,
Wolf_retail_Toshia,Wolf,1052,12,Retail,Retail,4209,45305,53.34979999999997,6.2603,Europe/Dublin,Yes,,,,Yes,,,Yes,Education,College/University,,,,2,,,,,,,
Wolf_office_Emanuel,Wolf,1053,12,Office,Office,2005,21582,53.34979999999997,6.2603,Europe/Dublin,Yes,,,,,,,,Education,College/University,,,,,,,,,,,
Wolf_education_Tori,Wolf,1054,12,Education,College Classroom,19044.9,204998,53.34979999999997,6.2603,Europe/Dublin,Yes,,,,,,,Yes,Education,College/University,,,,4,,,,,,,D1
Wolf_education_Eulalia,Wolf,1055,12,Education,College Classroom,8056,86714,53.34979999999997,6.2603,Europe/Dublin,Yes,,,,,,,,Education,College/University,,,,4,,,,,,,D1
Wolf_education_Clarissa,Wolf,1056,12,Education,College Classroom,6778,72958,53.34979999999997,6.2603,Europe/Dublin,Yes,,,,,,,,Education,College/University,,,,,,,,,,,
Wolf_education_Joaquin,Wolf,1057,12,Education,College Classroom,2450,26372,53.34979999999997,6.2603,Europe/Dublin,Yes,,,,,,,Yes,Education,College/University,,,,4,,,,,,,
Wolf_education_Tammie,Wolf,1058,12,Education,College Classroom,7836,84346,53.34979999999997,6.2603,Europe/Dublin,Yes,,,,,,,,Education,College/University,,,,,,,,,,,
Wolf_assembly_Sallie,Wolf,1059,12,Entertainment/public assembly,Fitness Center,10794,116186,53.34979999999997,6.2603,Europe/Dublin,Yes,,,,Yes,,,Yes,Education,College/University,,,,,,,,,,,
Wolf_assembly_Elaine,Wolf,1060,12,Entertainment/public assembly,Fitness Center,6671,71806,53.34979999999997,6.2603,Europe/Dublin,Yes,,,,Yes,,,,Education,College/University,,,,,,,,,,,
Wolf_retail_Harriett,Wolf,1061,12,Retail,Retail,4108,44218,53.34979999999997,6.2603,Europe/Dublin,Yes,,,,Yes,,,,Education,College/University,,,,,,,,,,,
Wolf_education_Dolores,Wolf,1062,12,Education,College Classroom,6117,65843,53.34979999999997,6.2603,Europe/Dublin,Yes,,,,,,,,Education,College/University,,,,,,,,,,,
Wolf_education_Miguel,Wolf,1063,12,Education,College Classroom,5403,58157,53.34979999999997,6.2603,Europe/Dublin,Yes,,,,Yes,,,,Education,College/University,,,,,,,,,,,
Wolf_education_Loren,Wolf,1064,12,Education,College Classroom,12190,131212,53.34979999999997,6.2603,Europe/Dublin,Yes,,,,Yes,,,Yes,Education,College/University,,,,,,,,,,,
Wolf_office_Haydee,Wolf,1065,12,Office,Office,1129,12152,53.34979999999997,6.2603,Europe/Dublin,Yes,,,,,,,,Education,College/University,,,,,,,,,,,
Wolf_education_Arnulfo,Wolf,1066,12,Education,College Classroom,5184,55800,53.34979999999997,6.2603,Europe/Dublin,Yes,,,,,,,,Education,College/University,,,,,,,,,,,
Wolf_education_Dorris,Wolf,1067,12,Education,College Classroom,11678,125701,53.34979999999997,6.2603,Europe/Dublin,Yes,,,,Yes,,,Yes,Education,College/University,,,,,,,,,,,
Wolf_education_Bobby,Wolf,1068,12,Education,College Classroom,10494,112956,53.34979999999997,6.2603,Europe/Dublin,Yes,,,,Yes,,,Yes,Education,College/University,,,,,,,,,,,
Hog_office_Leon,Hog,1069,13,Office,Office,1938.3,20864,44.97878184783975,-93.25539764,US/Central,Yes,,,,,,,,,,,,,,,96,29.6,50,28.9,,
Hog_lodging_Shonda,Hog,1070,13,Lodging/residential,Dormitory,21437.1,230747,44.97878184783975,-93.25539764,US/Central,Yes,,Yes,Yes,,,,,,,,,,,,54,110,176.4,110.4,,
Hog_office_Patrick,Hog,1071,13,Office,Office,964.8,10385,44.97878184783975,-93.25539764,US/Central,Yes,,,,,,,,,,,,,,,48,76.6,138.9,74.2,,
Hog_health_May,Hog,1072,13,Healthcare,Hospital,28335.4,305000,44.97878184783975,-93.25539764,US/Central,,,Yes,Yes,,,,,,,,,,,,98,144.3,280.3,142.6,,
Hog_office_Rolando,Hog,1073,13,Office,Office,18033.5,194111,44.97878184783975,-93.25539764,US/Central,Yes,,Yes,Yes,,,,,,,,,,,,-,289.1,429.4,269.9,,
Hog_office_Nancie,Hog,1074,13,Office,Office,8348.1,89858,44.97878184783975,-93.25539764,US/Central,Yes,,Yes,,,,,,,,,,,,,-,87.8,136,88.3,,
Hog_office_Migdalia,Hog,1075,13,Office,Office,6754.9,72709,44.97878184783975,-93.25539764,US/Central,Yes,,,Yes,,,,,,,,,,,,-,70.3,108,70.9,,
Hog_lodging_Celeste,Hog,1076,13,Lodging/residential,Dormitory,10874.7,117054,44.97878184783975,-93.25539764,US/Central,Yes,,,Yes,,,,,,,,,,,,82,80.1,134.9,81.2,,
Hog_assembly_Edward,Hog,1077,13,Entertainment/public assembly,Gymnasium,1807.3,19454,44.97878184783975,-93.25539764,US/Central,Yes,,Yes,Yes,,,,,,,,,,,,-,111.4,163.1,112.3,,
Hog_education_Darryl,Hog,,13,Education,College Laboratory,994.3,10703,44.97878184783975,-93.25539764,US/Central,Yes,,,,,,,,,,,,,,,-,-,-,-,,
Hog_assembly_Annemarie,Hog,1078,13,Entertainment/public assembly,Museum,7472.9,80438,44.97878184783975,-93.25539764,US/Central,Yes,,Yes,Yes,,,,,,,,,,,,-,60.9,88.6,60.6,,
Hog_education_Jared,Hog,1079,13,Education,College Classroom,1317.8,14185,44.97878184783975,-93.25539764,US/Central,Yes,,Yes,Yes,,,,,,,,,,,,-,93.8,153.1,91.7,,
Hog_assembly_Arlie,Hog,,13,Entertainment/public assembly,Gymnasium,11058.2,119029,44.97878184783975,-93.25539764,US/Central,Yes,,Yes,Yes,,,,,,,,,,,,-,283.5,438.6,285.7,,
Hog_education_Leandro,Hog,1080,13,Education,College Laboratory,19241.6,207115,44.97878184783975,-93.25539764,US/Central,Yes,,Yes,Yes,,,,,,,,,,,,-,187.3,305.5,182.8,,
Hog_industrial_Mariah,Hog,1081,13,Manufacturing/industrial,Greenhouse,1065.6,11470,44.97878184783975,-93.25539764,US/Central,Yes,,,,,,,,,,,,,,,-,825.5,1046.1,834.3,,
Hog_office_Mack,Hog,1082,13,Office,Office,5332.1,57394,44.97878184783975,-93.25539764,US/Central,Yes,,,,,,,,,,,,,,,-,130.8,279.5,130.9,,
Hog_education_Roberto,Hog,1083,13,Education,College Classroom,9365.8,100813,44.97878184783975,-93.25539764,US/Central,Yes,,Yes,,,,,,,,,,,,,-,110.8,182.9,108.2,,
Hog_office_Eloise,Hog,1084,13,Office,Office,11419.8,122922,44.97878184783975,-93.25539764,US/Central,Yes,,Yes,,,,,,,,,,,,,-,213.5,372.4,209,,
Hog_education_Mathilda,Hog,1085,13,Education,College Laboratory,5423.4,58377,44.97878184783975,-93.25539764,US/Central,,,Yes,Yes,,,,,,,,,,,,-,301.8,490.4,305.9,,
Hog_office_Bill,Hog,1086,13,Office,Office,13375.5,143973,44.97878184783975,-93.25539764,US/Central,Yes,,,Yes,,,,,,,,,,,,-,182.3,313.8,177.9,,
Hog_office_Valda,Hog,1087,13,Office,Office,5255.4,56569,44.97878184783975,-93.25539764,US/Central,Yes,,,,,,,,,,,,,,,77,57.9,93,58.4,,
Hog_education_Janell,Hog,1088,13,Education,College Laboratory,26718.3,287594,44.97878184783975,-93.25539764,US/Central,Yes,,Yes,Yes,,,,,,,,,,,,-,378.1,621.9,371.8,,
Hog_office_Sonny,Hog,1089,13,Office,Office,5837.7,62837,44.97878184783975,-93.25539764,US/Central,Yes,,,Yes,,,,,,,,,,,,-,246.8,490.3,238.5,,
Hog_office_Garrett,Hog,1090,13,Office,Office,28339.8,305047,44.97878184783975,-93.25539764,US/Central,Yes,,Yes,Yes,,,,,,,,,,,,-,78.6,135.6,76.6,,
Hog_lodging_Ora,Hog,1091,13,Lodging/residential,Dormitory,21678.1,233341,44.97878184783975,-93.25539764,US/Central,Yes,,Yes,Yes,,,,,,,,,,,,51,113.1,182.2,113.8,,
Hog_office_Elnora,Hog,1092,13,Office,Office,9770.3,105167,44.97878184783975,-93.25539764,US/Central,Yes,,Yes,Yes,,,,,,,,,,,,-,383.7,689.3,378.7,,
Hog_office_Cordelia,Hog,1093,13,Office,Office,4420.1,47578,44.97878184783975,-93.25539764,US/Central,Yes,,Yes,Yes,,,,,,,,,,,,-,99.5,146.5,90,,
Hog_office_Gustavo,Hog,1094,13,Office,Office,6582.4,70852,44.97878184783975,-93.25539764,US/Central,Yes,,Yes,Yes,,,,,,,,,,,,27,140.8,213.5,137.8,,
Hog_education_Hallie,Hog,1095,13,Education,College Laboratory,2996.7,32256,44.97878184783975,-93.25539764,US/Central,Yes,,Yes,,,,,,,,,,,,,-,447.3,624.1,438.5,,
Hog_parking_Jeana,Hog,1096,13,Parking,Parking: Enclosed Garage,7782.7,83772,44.97878184783975,-93.25539764,US/Central,Yes,,,,,,,,,,,,,,,-,2233.2,6252.9,2193.5,,
Hog_office_Josefina,Hog,1097,13,Office,Office,14636.4,157545,44.97878184783975,-93.25539764,US/Central,Yes,,Yes,Yes,,,,,,,,,,,,58,99,168.4,99,,
Hog_office_Marlena,Hog,1098,13,Office,Office,12239.5,131745,44.97878184783975,-93.25539764,US/Central,Yes,,Yes,Yes,,,,,,,,,,,,79,79.4,121,79.3,,
Hog_education_Robert,Hog,1099,13,Education,Student Union,30925.9,332884,44.97878184783975,-93.25539764,US/Central,Yes,,,Yes,,,,,,,,,,,,-,106.7,203.9,107.7,,
Hog_lodging_Mauricio,Hog,1100,13,Lodging/residential,Dormitory,16251,174924,44.97878184783975,-93.25539764,US/Central,Yes,,,Yes,,,,,,,,,,,,45,120.1,201.9,120.7,,
Hog_office_Almeda,Hog,1101,13,Office,Office,6683.1,71936,44.97878184783975,-93.25539764,US/Central,Yes,,Yes,,,,,,,,,,,,,-,106.2,163,107.1,,
Hog_office_Man,Hog,1102,13,Office,Office,8099.9,87187,44.97878184783975,-93.25539764,US/Central,Yes,,,Yes,,,,,,,,,,,,-,189.8,271.8,188.8,,
Hog_other_Tobias,Hog,1103,13,Other,Animal Shelter,2220.7,23903,44.97878184783975,-93.25539764,US/Central,Yes,,,,,,,,,,,,,,,-,76.4,161.3,75.1,,
Hog_public_Octavia,Hog,1104,13,Public services,Library,18554.8,199722,44.97878184783975,-93.25539764,US/Central,Yes,,Yes,Yes,,,,,,,,,,,,-,217.3,289.2,217,,
Hog_food_Morgan,Hog,1105,13,Food sales and service,Bar/Tavern,3085.8,33215,44.97878184783975,-93.25539764,US/Central,Yes,,,Yes,,,,,,,,,,,,-,188.2,327.4,192.3,,
Hog_office_Randi,Hog,1106,13,Office,Office,8556.3,92099,44.97878184783975,-93.25539764,US/Central,Yes,,,Yes,,,,,,,,,,,,83,47.4,98.5,46.4,,
Hog_education_Sonia,Hog,1107,13,Education,College Laboratory,17103.3,184098,44.97878184783975,-93.25539764,US/Central,Yes,,Yes,Yes,,,,,,,,,,,,-,346.8,531.3,338.7,,
Hog_parking_Shannon,Hog,1108,13,Parking,Parking: Enclosed Garage,63138.2,679614,44.97878184783975,-93.25539764,US/Central,Yes,,,Yes,,,,,,,,,,,,-,-,-,-,,
Hog_office_Charla,Hog,1109,13,Office,Office,9493.9,102191,44.97878184783975,-93.25539764,US/Central,Yes,,Yes,Yes,,,,,,,,,,,,-,264.4,392.3,257.2,,
Hog_office_Buford,Hog,1110,13,Office,Office,2521.9,27145,44.97878184783975,-93.25539764,US/Central,Yes,,,,,,,,,,,,,,,100,4.2,8.5,4.2,,
Hog_office_Mari,Hog,1111,13,Office,Office,6302.4,67839,44.97878184783975,-93.25539764,US/Central,Yes,,,Yes,,,,,,,,,,,,73,67.6,120.3,68.1,,
Hog_office_Jillian,Hog,1112,13,Office,Office,17695.3,190471,44.97878184783975,-93.25539764,US/Central,,,,Yes,,,,,,,,,,,,-,143.6,213.7,133.1,,
Hog_office_Alisha,Hog,1113,13,Office,Office,3103.1,33401,44.97878184783975,-93.25539764,US/Central,Yes,,,,,,,,,,,,,,,-,275.2,349.1,274.1,,
Hog_other_Lynette,Hog,1114,13,Other,Animal Shelter,6021,64810,44.97878184783975,-93.25539764,US/Central,Yes,,,Yes,,,,,,,,,,,,-,105.9,171.1,105.2,,
Hog_services_Joe,Hog,1115,13,Services,Maintenance Repair Shop,3904.5,42028,44.97878184783975,-93.25539764,US/Central,Yes,,,,,,,,,,,,,,,-,116.6,173,118.5,,
Hog_services_Danny,Hog,1116,13,Services,Maintenance Repair Shop,1085.2,11681,44.97878184783975,-93.25539764,US/Central,,,,Yes,,,,,,,,,,,,-,102.7,156,104,,
Hog_office_Lizzie,Hog,1117,13,Office,Office,10351.6,111424,44.97878184783975,-93.25539764,US/Central,Yes,,,Yes,,,,,,,,,,,,-,107.7,167.6,107.7,,
Hog_services_Kerrie,Hog,1118,13,Services,Maintenance Repair Shop,2501.5,26926,44.97878184783975,-93.25539764,US/Central,Yes,,,,,,,,,,,,,,,-,160.1,231.3,164.4,,
Hog_office_Corie,Hog,1119,13,Office,Office,11102.7,119509,44.97878184783975,-93.25539764,US/Central,Yes,,Yes,Yes,,,,,,,,,,,,-,59.7,100.9,59.8,,
Hog_services_Marshall,Hog,1120,13,Services,Maintenance Repair Shop,6506.9,70040,44.97878184783975,-93.25539764,US/Central,Yes,,,,,,,,,,,,,,,-,147.1,214.1,149.1,,
Hog_education_Wayne,Hog,1121,13,Education,College Laboratory,7964.8,85732,44.97878184783975,-93.25539764,US/Central,Yes,,Yes,Yes,,,,,,,,,,,,-,205.1,324,195.8,,
Hog_office_Shon,Hog,1122,13,Office,Office,7837.8,84365,44.97878184783975,-93.25539764,US/Central,Yes,,Yes,,,,,,,,,,,,,72,86.3,122.1,86.8,,
Hog_office_Sherrie,Hog,1123,13,Office,Office,8639.4,92994,44.97878184783975,-93.25539764,US/Central,Yes,,,,,,,,,,,,,,,77,67,99.6,67.7,,
Hog_lodging_Hal,Hog,1124,13,Lodging/residential,Dormitory,14241.9,153299,44.97878184783975,-93.25539764,US/Central,Yes,,,Yes,,,,,,,,,,,,54,110.8,184.7,109.1,,
Hog_parking_Marcus,Hog,1125,13,Parking,Parking: Open Air Ramp,25222.4,271492,44.97878184783975,-93.25539764,US/Central,Yes,,,,,,,,,,,,,,,-,-,-,-,,
Hog_education_George,Hog,1126,13,Education,College Laboratory,6719.9,72332,44.97878184783975,-93.25539764,US/Central,Yes,,Yes,Yes,,,,,,,,,,,,-,307.8,502.9,307.9,,
Hog_office_Sydney,Hog,1127,13,Office,Office,8094.7,87131,44.97878184783975,-93.25539764,US/Central,Yes,,Yes,,,,,,,,,,,,,-,106.3,178.5,106.9,,
Hog_office_Clemencia,Hog,1128,13,Office,Office,5453.7,58703,44.97878184783975,-93.25539764,US/Central,Yes,,,,,,,,,,,,,,,-,128.1,216.1,129.9,,
Hog_office_Napoleon,Hog,1129,13,Office,Office,12365.4,133100,44.97878184783975,-93.25539764,US/Central,Yes,,Yes,Yes,,,,,,,,,,,,-,89.7,147.4,87.5,,
Hog_education_Casandra,Hog,1130,13,Education,College Laboratory,26033.7,280225,44.97878184783975,-93.25539764,US/Central,Yes,,Yes,,,,,,,,,,,,,-,221.7,377.4,220.6,,
Hog_office_Carri,Hog,1131,13,Office,Office,2365.6,25463,44.97878184783975,-93.25539764,US/Central,Yes,,,,,,,,,,,,,,,-,153.8,251.9,151.1,,
Hog_office_Bryan,Hog,1132,13,Office,Office,9655,103926,44.97878184783975,-93.25539764,US/Central,Yes,,Yes,,,,,,,,,,,,,67,79.2,129.7,78.6,,
Hog_office_Leanne,Hog,1133,13,Office,Office,7646.1,82302,44.97878184783975,-93.25539764,US/Central,Yes,,Yes,Yes,,,,,,,,,,,,-,262.9,381.6,263.5,,
Hog_office_Lanell,Hog,1134,13,Office,Office,14209.1,152946,44.97878184783975,-93.25539764,US/Central,Yes,,Yes,,,,,,,,,,,,,-,77.8,131.8,78.1,,
Hog_education_Bruno,Hog,1135,13,Education,College Laboratory,13972,150393,44.97878184783975,-93.25539764,US/Central,Yes,,Yes,,,,,,,,,,,,,-,362.1,499.5,362.2,,
Hog_office_Myles,Hog,1136,13,Office,Office,7412,79782,44.97878184783975,-93.25539764,US/Central,Yes,,Yes,,,,,,,,,,,,,77,75.9,117.4,76.5,,
Hog_office_Simon,Hog,1137,13,Office,Office,2550.4,27452,44.97878184783975,-93.25539764,US/Central,Yes,,Yes,Yes,,,,,,,,,,,,35,101.4,172.1,100.6,,
Hog_education_Rachael,Hog,1138,13,Education,College Laboratory,3715,39988,44.97878184783975,-93.25539764,US/Central,Yes,,,,,,,,,,,,,,,-,157.7,270.7,154.5,,
Hog_office_Joey,Hog,1139,13,Office,Office,31275.8,336650,44.97878184783975,-93.25539764,US/Central,Yes,,Yes,Yes,,,,,,,,,,,,-,226.3,393.5,224.2,,
Hog_education_Odell,Hog,1140,13,Education,College Laboratory,14537.7,156483,44.97878184783975,-93.25539764,US/Central,Yes,,Yes,Yes,,,,,,,,,,,,-,419.9,682.4,409.8,,
Hog_parking_Antoinette,Hog,1141,13,Parking,Parking: Enclosed Garage,1949.7,20986,44.97878184783975,-93.25539764,US/Central,Yes,,,,,,,,,,,,,,,1,285,431.5,278.2,,
Hog_office_Elke,Hog,1142,13,Office,Office,9635.7,103718,44.97878184783975,-93.25539764,US/Central,Yes,,Yes,,,,,,,,,,,,,82,65,102.6,63.4,,
Hog_office_Bessie,Hog,1143,13,Office,Office,8975.5,96612,44.97878184783975,-93.25539764,US/Central,Yes,,Yes,Yes,,,,,,,,,,,,-,63.5,112.2,61.6,,
Hog_office_Sarah,Hog,1144,13,Office,Office,14150.2,152312,44.97878184783975,-93.25539764,US/Central,Yes,,Yes,Yes,,,,,,,,,,,,-,380.3,602.9,376.9,,
Hog_industrial_Willette,Hog,1145,13,Manufacturing/industrial,Greenhouse,3270.3,35201,44.97878184783975,-93.25539764,US/Central,,,,Yes,,,,,,,,,,,,-,379.4,815.4,375.6,,
Hog_public_Gerard,Hog,1146,13,Public services,Library,7725.3,83155,44.97878184783975,-93.25539764,US/Central,Yes,,Yes,,,,,,,,,,,,,-,55.4,91.5,55.4,,
Hog_assembly_Colette,Hog,1147,13,Entertainment/public assembly,Ice Arena,21783.5,234476,44.97878184783975,-93.25539764,US/Central,Yes,,,Yes,,,,,,,,,,,,-,93.9,189.8,90.5,,
Hog_office_Byron,Hog,1148,13,Office,Office,80038.2,861524,44.97878184783975,-93.25539764,US/Central,Yes,,Yes,Yes,,,,,,,,,,,,-,168.8,249.5,161.9,,
Hog_office_Shawnna,Hog,1149,13,Office,Office,27312.6,293990,44.97878184783975,-93.25539764,US/Central,Yes,,,Yes,,,,,,,,,,,,73,60.6,133.7,59.1,,
Hog_office_Shawna,Hog,1150,13,Office,Office,18213,196043,44.97878184783975,-93.25539764,US/Central,Yes,,Yes,Yes,,,,,,,,,,,,-,99.5,147.4,99.9,,
Hog_office_Terry,Hog,1151,13,Office,Office,24854.9,267536,44.97878184783975,-93.25539764,US/Central,Yes,,Yes,Yes,,,,,,,,,,,,26,174.2,255.8,166.4,,
Hog_office_Catharine,Hog,1152,13,Office,Office,11042.3,118858,44.97878184783975,-93.25539764,US/Central,Yes,,Yes,Yes,,,,,,,,,,,,-,347.4,551.5,341.2,,
Hog_science_Max,Hog,1153,13,Technology/science,Lab Building,8310.7,89456,44.97878184783975,-93.25539764,US/Central,Yes,,,Yes,,,,,,,,,,,,-,218.2,330,215.7,,
Hog_lodging_Shanti,Hog,1154,13,Lodging/residential,Dormitory,24355.1,262156,44.97878184783975,-93.25539764,US/Central,Yes,,Yes,Yes,,,,,,,,,,,,48,129.4,188.6,130,,
Hog_warehouse_Kaye,Hog,1155,13,Warehouse/storage,Warehouse (Conditioned),1770.6,19059,44.97878184783975,-93.25539764,US/Central,,,,Yes,,,,,,,,,,,,15,121.2,209.7,122,,
Hog_education_Caridad,Hog,1156,13,Education,College Laboratory,24153.8,259989,44.97878184783975,-93.25539764,US/Central,Yes,,Yes,Yes,,,,,,,,,,,,-,316,519,314.6,,
Hog_education_Haywood,Hog,1157,13,Education,College Laboratory,3447.4,37107,44.97878184783975,-93.25539764,US/Central,Yes,,Yes,Yes,,,,,,,,,,,,-,688.5,954.7,672.8,,
Hog_public_Crystal,Hog,1158,13,Public services,Library,27388.9,294812,44.97878184783975,-93.25539764,US/Central,Yes,,Yes,Yes,,,,,,,,,,,,-,83,148.9,82.4,,
Hog_office_Cornell,Hog,1159,13,Office,Office,62385,671507,44.97878184783975,-93.25539764,US/Central,Yes,,Yes,Yes,,,,,,,,,,,,-,234.1,355.2,224.8,,
Hog_office_Marlene,Hog,1160,13,Office,Office,7451.3,80205,44.97878184783975,-93.25539764,US/Central,Yes,,Yes,,,,,,,,,,,,,71,86.1,130.7,87,,
Hog_office_Mary,Hog,1161,13,Office,Office,4931,53077,44.97878184783975,-93.25539764,US/Central,Yes,,Yes,,,,,,,,,,,,,-,96.1,139.7,96.4,,
Hog_office_Guadalupe,Hog,1162,13,Office,Office,6778,72958,44.97878184783975,-93.25539764,US/Central,Yes,,Yes,Yes,,,,,,,,,,,,-,54.7,91.9,53.9,,
Hog_parking_Bernardo,Hog,1163,13,Parking,Parking: Enclosed Garage,7796.3,83919,44.97878184783975,-93.25539764,US/Central,Yes,,Yes,Yes,,,,,,,,,,,,15,156.8,228.8,158.9,,
Hog_office_Betsy,Hog,1164,13,Office,Office,23175.3,249457,44.97878184783975,-93.25539764,US/Central,Yes,,Yes,Yes,,,,,,,,,,,,-,105.4,158.3,103.1,,
Hog_office_Alexis,Hog,1165,13,Office,Office,2693.4,28991,44.97878184783975,-93.25539764,US/Central,Yes,,,,,,,,,,,,,,,44,103,158.3,102.9,,
Hog_office_Mike,Hog,1166,13,Office,Office,5924.5,63771,44.97878184783975,-93.25539764,US/Central,Yes,,,,,,,,,,,,,,,51,94.7,154.1,95.8,,
Hog_office_Catalina,Hog,1167,13,Office,Office,4900.4,52748,44.97878184783975,-93.25539764,US/Central,Yes,,Yes,Yes,,,,,,,,,,,,67,75.9,120,74.5,,
Hog_office_Nia,Hog,1168,13,Office,Office,53614.4,577101,44.97878184783975,-93.25539764,US/Central,Yes,,Yes,Yes,,,,,,,,,,,,-,319.8,458,313.3,,
Hog_education_Cathleen,Hog,1169,13,Education,College Laboratory,14440.7,155439,44.97878184783975,-93.25539764,US/Central,Yes,,Yes,Yes,,,,,,,,,,,,-,367.7,594.4,362.6,,
Hog_office_Marilyn,Hog,1170,13,Office,Office,5525.5,59476,44.97878184783975,-93.25539764,US/Central,Yes,,,,,,,,,,,,,,,-,46.2,71.7,45,,
Hog_lodging_Edgar,Hog,,13,Lodging/residential,Dormitory,16494.9,177550,44.97878184783975,-93.25539764,US/Central,Yes,,,Yes,,,,,,,,,,,,100,19.5,46.1,19.5,,
Hog_industrial_Joanne,Hog,1171,13,Manufacturing/industrial,Greenhouse,5281.6,56851,44.97878184783975,-93.25539764,US/Central,Yes,,,Yes,,,,,,,,,,,,-,180.4,322.6,177.2,,
Hog_industrial_Jay,Hog,1172,13,Manufacturing/industrial,Greenhouse,5931.6,63847,44.97878184783975,-93.25539764,US/Central,Yes,,,Yes,,,,,,,,,,,,-,322.8,556.3,326.9,,
Hog_industrial_Jeremy,Hog,1173,13,Manufacturing/industrial,Greenhouse,1216.2,13091,44.97878184783975,-93.25539764,US/Central,Yes,,,,,,,,,,,,,,,-,305.3,477.1,308.6,,
Hog_other_Noma,Hog,1174,13,Other,Animal Shelter,2568.6,27648,44.97878184783975,-93.25539764,US/Central,Yes,,,Yes,,,,,,,,,,,,-,223.7,318,220,,
Hog_industrial_Quentin,Hog,1175,13,Manufacturing/industrial,Manufacturing Facility,7559.7,81372,44.97878184783975,-93.25539764,US/Central,Yes,,,,,,,,,,,,,,,-,156.9,255.6,142.8,,
Hog_education_Beth,Hog,1176,13,Education,College Laboratory,13254.7,142672,44.97878184783975,-93.25539764,US/Central,Yes,,Yes,Yes,,,,,,,,,,,,-,101.4,149.6,99,,
Hog_office_Emmanuel,Hog,1177,13,Office,Office,1899.3,20444,44.97878184783975,-93.25539764,US/Central,Yes,,Yes,,,,,,,,,,,,,-,147.6,236.5,148,,
Hog_education_Jordan,Hog,1178,13,Education,College Classroom,12362.8,133072,44.97878184783975,-93.25539764,US/Central,Yes,,,Yes,,,,,,,,,,,,-,179.8,253.8,168.9,,
Hog_assembly_Maribel,Hog,1179,13,Entertainment/public assembly,Gymnasium,13306.3,143228,44.97878184783975,-93.25539764,US/Central,Yes,,Yes,,,,,,,,,,,,,-,142.6,145.4,140.1,,
Hog_education_Martha,Hog,1180,13,Education,College Laboratory,8842.7,95182,44.97878184783975,-93.25539764,US/Central,,,Yes,Yes,,,,,,,,,,,,-,166.4,229.9,164.5,,
Hog_education_Josh,Hog,1181,13,Education,College Laboratory,5630.5,60606,44.97878184783975,-93.25539764,US/Central,Yes,,,,,,,,,,,,,,,-,199.6,270.3,197.3,,
Hog_warehouse_Louise,Hog,1182,13,Warehouse/storage,Warehouse (Conditioned),6185.9,66585,44.97878184783975,-93.25539764,US/Central,Yes,,,,,,,,,,,,,,,62,85.7,160.4,85.2,,
Hog_assembly_Dona,Hog,1183,13,Entertainment/public assembly,Ice Arena,15501.4,166856,44.97878184783975,-93.25539764,US/Central,Yes,,,,,,,,,,,,,,,-,110.5,216.3,109.8,,
Hog_lodging_Nikki,Hog,1184,13,Lodging/residential,Dormitory,6929.1,74584,44.97878184783975,-93.25539764,US/Central,Yes,,,Yes,,,,,,,,,,,,84,68.7,124.3,69.5,,
Hog_office_Corey,Hog,1185,13,Office,Office,12033.9,129532,44.97878184783975,-93.25539764,US/Central,Yes,,Yes,Yes,,,,,,,,,,,,52,122.5,182.5,121.4,,
Hog_lodging_Francisco,Hog,1186,13,Lodging/residential,Dormitory,14592.3,157070,44.97878184783975,-93.25539764,US/Central,Yes,,,Yes,,,,,,,,,,,,51,120,190.6,121.6,,
Hog_office_Darlene,Hog,1187,13,Office,Office,11307.6,121714,44.97878184783975,-93.25539764,US/Central,,,Yes,Yes,,,,,,,,,,,,-,63.2,111.3,61.9,,
Hog_office_Merilyn,Hog,1188,13,Office,Office,3446.3,37096,44.97878184783975,-93.25539764,US/Central,Yes,,,,,,,,,,,,,,,54,81.8,141,82,,
Hog_services_Cory,Hog,,13,Services,Maintenance Repair Shop,7290.9,78479,44.97878184783975,-93.25539764,US/Central,,,,Yes,,,,,,,,,,,,-,378.7,1060.4,378.7,,
Hog_office_Roger,Hog,1189,13,Office,Office,9124.2,98212,44.97878184783975,-93.25539764,US/Central,Yes,,Yes,Yes,,,,,,,,,,,,9,271.9,423.9,267.2,,
Hog_office_Elsy,Hog,1190,13,Office,Office,3698.2,39807,44.97878184783975,-93.25539764,US/Central,Yes,,,,,,,,,,,,,,,71,59.9,103.7,60.5,,
Hog_assembly_Marilynn,Hog,,13,Entertainment/public assembly,Gymnasium,756.4,8142,44.97878184783975,-93.25539764,US/Central,Yes,,,,,,,,,,,,,,,-,148,414.3,149.1,,
Hog_education_Luvenia,Hog,1191,13,Education,College Laboratory,17851.5,192152,44.97878184783975,-93.25539764,US/Central,Yes,,Yes,Yes,,,,,,,,,,,,-,332.9,495.2,327.3,,
Hog_office_Eugene,Hog,1192,13,Office,Office,4049.4,43587,44.97878184783975,-93.25539764,US/Central,,,,Yes,,,,,,,,,,,,-,190.8,361,190.7,,
Hog_office_Cortney,Hog,1193,13,Office,Office,9895.2,106511,44.97878184783975,-93.25539764,US/Central,Yes,,Yes,,,,,,,,,,,,,58,118.8,167.3,119.6,,
Hog_office_Sung,Hog,1194,13,Office,Office,3328.6,35829,44.97878184783975,-93.25539764,US/Central,Yes,,,,,,,,,,,,,,,-,173.1,271.2,174.1,,
Hog_office_Lavon,Hog,1195,13,Office,Office,1530.3,16472,44.97878184783975,-93.25539764,US/Central,Yes,,,,,,,,,,,,,,,100,0,0,0,,
Hog_assembly_Jasmine,Hog,1196,13,Entertainment/public assembly,Gymnasium,5314.1,57201,44.97878184783975,-93.25539764,US/Central,Yes,,Yes,,,,,,,,,,,,,-,165,284,166.3,,
Hog_services_Adrianna,Hog,1197,13,Services,Maintenance Repair Shop,4696.4,50552,44.97878184783975,-93.25539764,US/Central,Yes,,,Yes,,,,,,,,,,,,-,236.6,662.4,231.1,,
Hog_education_Jewel,Hog,1198,13,Education,Student Union,7912,85164,44.97878184783975,-93.25539764,US/Central,Yes,,Yes,Yes,,,,,,,,,,,,-,158.3,226.2,153.9,,
Hog_assembly_Una,Hog,,13,Entertainment/public assembly,Gymnasium,8872.2,95500,44.97878184783975,-93.25539764,US/Central,Yes,,,,,,,,,,,,,,,-,93.2,129.7,94.9,,
Hog_warehouse_Rosanna,Hog,1199,13,Warehouse/storage,Warehouse (Unconditioned),981,10559,44.97878184783975,-93.25539764,US/Central,Yes,,,,,,,,,,,,,,,1,329.1,345.6,323.9,,
Hog_office_Judith,Hog,,13,Office,Office,18626.2,200491,44.97878184783975,-93.25539764,US/Central,Yes,,,,,,,,,,,,,,,-,207.3,310.7,209.6,,
Hog_assembly_Letha,Hog,1200,13,Entertainment/public assembly,Sports Arena,50664.7,545351,44.97878184783975,-93.25539764,US/Central,Yes,,,Yes,,,,,,,,,,,,-,85.7,151.3,84,,
Hog_education_Donnie,Hog,1201,13,Education,Auditorium,6837.4,73597,44.97878184783975,-93.25539764,US/Central,Yes,,Yes,,,,,,,,,,,,,-,101.7,181.8,99.5,,
Hog_office_Darline,Hog,1202,13,Office,Office,1561.2,16805,44.97878184783975,-93.25539764,US/Central,Yes,,Yes,,,,,,,,,,,,,-,679.7,1348,679.7,,
Hog_lodging_Brian,Hog,1203,13,Lodging/residential,Dormitory,12876.5,138602,44.97878184783975,-93.25539764,US/Central,Yes,,Yes,Yes,,,,,,,,,,,,61,115,170,115.7,,
Hog_office_Ervin,Hog,1204,13,Office,Office,3565.8,38382,44.97878184783975,-93.25539764,US/Central,,,,Yes,,,,,,,,,,,,1,246.2,502.1,237.3,,
Hog_parking_Jean,Hog,1205,13,Parking,Parking: Open Air Ramp,16561.8,178270,44.97878184783975,-93.25539764,US/Central,Yes,,,,,,,,,,,,,,,1,994.4,2784.2,959.1,,
Hog_office_Thomas,Hog,,13,Office,Office,2092.9,22528,44.97878184783975,-93.25539764,US/Central,Yes,,,,,,,,,,,,,,,36,78.1,167.3,76.7,,
Hog_office_Richelle,Hog,1206,13,Office,Office,9285.3,99946,44.97878184783975,-93.25539764,US/Central,Yes,,Yes,Yes,,,,,,,,,,,,32,156.8,219.2,157.2,,
Hog_health_Jenny,Hog,1207,13,Healthcare,Hospital,6916,74443,44.97878184783975,-93.25539764,US/Central,Yes,,Yes,Yes,,,,,,,,,,,,-,300.9,424,282.6,,
Hog_health_Hisako,Hog,1208,13,Healthcare,Hospital,11295.6,121585,44.97878184783975,-93.25539764,US/Central,Yes,,Yes,,,,,,,,,,,,,85,275.7,375.7,273.3,,
Hog_health_Kesha,Hog,1209,13,Healthcare,Hospital,10757.1,115788,44.97878184783975,-93.25539764,US/Central,Yes,,,Yes,,,,,,,,,,,,-,234.3,360.6,229.9,,
Hog_office_Elizbeth,Hog,1210,13,Office,Office,8593.5,92500,44.97878184783975,-93.25539764,US/Central,Yes,,Yes,Yes,,,,,,,,,,,,-,240.6,346.7,243,,
Hog_office_Denita,Hog,1211,13,Office,Office,8824.7,94988,44.97878184783975,-93.25539764,US/Central,Yes,,Yes,Yes,,,,,,,,,,,,70,87.5,130.1,88,,
Hog_public_Brad,Hog,1212,13,Public services,Library,22066.1,237518,44.97878184783975,-93.25539764,US/Central,Yes,,Yes,Yes,,,,,,,,,,,,-,283.8,497.7,282.6,,
Hog_parking_Joan,Hog,,13,Parking,Parking: Open Air Ramp,49007.2,527509,44.97878184783975,-93.25539764,US/Central,Yes,,,,,,,,,,,,,,,1,235,658.1,228.3,,
Hog_warehouse_Porsha,Hog,1213,13,Warehouse/storage,Warehouse (Unconditioned),3666.3,39464,44.97878184783975,-93.25539764,US/Central,Yes,,,,,,,,,,,,,,,82,9.2,25.9,9.3,,
Hog_office_Candi,Hog,1214,13,Office,Office,18156.7,195437,44.97878184783975,-93.25539764,US/Central,Yes,,Yes,Yes,,,,,,,,,,,,-,242.1,350.4,235.3,,
Hog_parking_Cliff,Hog,1215,13,Parking,Parking: Enclosed Garage,9320.8,100328,44.97878184783975,-93.25539764,US/Central,Yes,,,,,,,,,,,,,,,-,140.4,241.3,138.2,,
Hog_office_Miriam,Hog,1216,13,Office,Office,1418.5,15269,44.97878184783975,-93.25539764,US/Central,Yes,,Yes,,,,,,,,,,,,,-,152.1,245.6,149.3,,
Hog_education_Madge,Hog,1217,13,Education,Auditorium,6786,73044,44.97878184783975,-93.25539764,US/Central,Yes,,Yes,Yes,,,,,,,,,,,,-,108.7,183.2,108.5,,
Hog_assembly_Pedro,Hog,1218,13,Entertainment/public assembly,Gymnasium,24942.6,268480,44.97878184783975,-93.25539764,US/Central,Yes,,Yes,Yes,,,,,,,,,,,,-,66.8,114.3,64.2,,
Hog_office_Vera,Hog,1219,13,Office,Office,8483.5,91316,44.97878184783975,-93.25539764,US/Central,Yes,,Yes,Yes,,,,,,,,,,,,72,76.9,132.1,75.4,,
Hog_public_Kevin,Hog,1220,13,Public services,Library,35416.6,381221,44.97878184783975,-93.25539764,US/Central,Yes,,Yes,Yes,,,,,,,,,,,,-,117.5,171.4,114,,
Hog_office_Concetta,Hog,1221,13,Office,Office,2699.9,29062,44.97878184783975,-93.25539764,US/Central,Yes,,,,,,,,,,,,,,,92,27.1,63.1,25.8,,
Hog_lodging_Retha,Hog,1222,13,Lodging/residential,Dormitory,17389,187174,44.97878184783975,-93.25539764,US/Central,Yes,,,,,,,,,,,,,,,51,101.1,187,101.1,,
Eagle_office_Lillian,Eagle,1223,14,Office,Office,4844.1,52141,,,US/Eastern,Yes,Yes,Yes,,,,,,,,,,,,,,,,,,
Eagle_office_Henriette,Eagle,1224,14,Office,Office,2181.5,23481,,,US/Eastern,Yes,Yes,Yes,Yes,,,,,,,,,,,,,,,,,
Eagle_office_Tia,Eagle,1225,14,Office,Office,11403.5,122746,,,US/Eastern,Yes,,Yes,Yes,,,,,,,,,,,,,,,,,
Eagle_education_Eileen,Eagle,1226,14,Education,Classroom,2600.8,27995,,,US/Eastern,Yes,,Yes,Yes,,,,,,,,,,,,,,,,,
Eagle_education_April,Eagle,1227,14,Education,Classroom,7144.5,76903,,,US/Eastern,Yes,Yes,Yes,,,,,,,,,,,,,,,,,,
Eagle_office_Yadira,Eagle,1228,14,Office,Office,15101.3,162549,,,US/Eastern,Yes,Yes,Yes,,,,,,,,,,,,,,,,,,
Eagle_office_Mable,Eagle,1229,14,Office,Office,2568.4,27646,,,US/Eastern,Yes,Yes,Yes,,,,,,,,,,,,,,,,,,
Eagle_office_Ryan,Eagle,1230,14,Office,Office,2092.5,22524,,,US/Eastern,Yes,Yes,Yes,,,,,,,,,,,,,,,,,,
Eagle_education_Maragret,Eagle,1231,14,Education,Research,1228.2,13220,,,US/Eastern,Yes,Yes,,,,,,,,,,,,,,,,,,,
Eagle_education_Jewell,Eagle,1232,14,Education,Research,16845.9,181328,,,US/Eastern,Yes,Yes,Yes,Yes,,,,,,,,,,,,,,,,,
Eagle_education_Paul,Eagle,1233,14,Education,Classroom,4008.1,43143,,,US/Eastern,Yes,Yes,Yes,,,,,,,,,,,,,,,,,,
Eagle_education_Sheena,Eagle,1234,14,Education,Classroom,4277,46037,,,US/Eastern,Yes,Yes,Yes,,,,,,,,,,,,,,,,,,
Eagle_public_Preston,Eagle,1235,14,Public services,Library,25861.3,278369,,,US/Eastern,Yes,Yes,Yes,,,,,,,,,,,,,,,,,,
Eagle_office_Jackie,Eagle,1236,14,Office,Office,5737.3,61756,,,US/Eastern,Yes,Yes,Yes,,,,,,,,,,,,,,,,,,
Eagle_office_Elvis,Eagle,1237,14,Office,Office,3972.1,42755,,,US/Eastern,Yes,Yes,Yes,,,,,,,,,,,,,,,,,,
Eagle_office_Patrice,Eagle,1238,14,Office,Office,12050.2,129707,,,US/Eastern,Yes,,Yes,Yes,,,,,,,,,,,,,,,,,
Eagle_office_Sheree,Eagle,1239,14,Office,Office,2907.9,31300,,,US/Eastern,Yes,,Yes,Yes,,,,,,,,,,,,,,,,,
Eagle_public_Minnie,Eagle,1240,14,Public services,Library,6807.7,73277,,,US/Eastern,Yes,Yes,Yes,,,,,,,,,,,,,,,,,,
Eagle_health_Athena,Eagle,1241,14,Healthcare,Support,18040.6,194188,,,US/Eastern,Yes,Yes,Yes,Yes,,,,,,,,,,,,,,,,,
Eagle_office_Isidro,Eagle,1242,14,Office,Office,2217.7,23871,,,US/Eastern,Yes,Yes,Yes,,,,,,,,,,,,,,,,,,
Eagle_health_Jodi,Eagle,1243,14,Healthcare,Support,22083.4,237704,,,US/Eastern,Yes,,Yes,Yes,,,,,,,,,,,,,,,,,
Eagle_public_Ola,Eagle,1244,14,Public services,Library,8874.7,95526,,,US/Eastern,Yes,Yes,Yes,,,,,,,,,,,,,,,,,,
Eagle_health_Vincenza,Eagle,1245,14,Healthcare,Patient Care,3284.5,35354,,,US/Eastern,Yes,,Yes,Yes,,,,,,,,,,,,,,,,,
Eagle_office_Lane,Eagle,1246,14,Office,Office,4675.5,50327,,,US/Eastern,Yes,Yes,Yes,,,,,,,,,,,,,,,,,,
Eagle_food_Kay,Eagle,1247,14,Food sales and service,Dining,6491.7,69876,,,US/Eastern,Yes,,Yes,Yes,,,,,,,,,,,,,,,,,
Eagle_office_Freida,Eagle,1248,14,Office,Office,7246.6,78002,,,US/Eastern,Yes,,Yes,Yes,,,,,,,,,,,,,,,,,
Eagle_office_Francis,Eagle,1249,14,Office,Office,14807.3,159384,,,US/Eastern,Yes,Yes,Yes,Yes,,,,,,,,,,,,,,,,,
Eagle_education_Shante,Eagle,1250,14,Education,Research,21566.4,232139,,,US/Eastern,Yes,,Yes,Yes,,,,,,,,,,,,,,,,,
Eagle_education_Shanna,Eagle,1251,14,Education,Research,9718,104604,,,US/Eastern,Yes,Yes,Yes,,,,,,,,,,,,,,,,,,
Eagle_education_Luther,Eagle,1252,14,Education,Research,10799.9,116249,,,US/Eastern,Yes,Yes,Yes,,,,,,,,,,,,,,,,,,
Eagle_education_Samantha,Eagle,1253,14,Education,Research,12518.5,134748,,,US/Eastern,Yes,Yes,Yes,,,,,,,,,,,,,,,,,,
Eagle_education_Petra,Eagle,1254,14,Education,Research,2320.6,24979,,,US/Eastern,Yes,,Yes,Yes,,,,,,,,,,,,,,,,,
Eagle_office_Chantelle,Eagle,1255,14,Office,Office,2202,23702,,,US/Eastern,Yes,Yes,Yes,,,,,,,,,,,,,,,,,,
Eagle_office_Dallas,Eagle,1256,14,Office,Office,3522.6,37917,,,US/Eastern,Yes,,,Yes,,,,,,,,,,,,,,,,,
Eagle_office_Bridgett,Eagle,1257,14,Office,Office,5692.5,61274,,,US/Eastern,Yes,,,,,,,,,,,,,,,,,,,,
Eagle_education_Brooke,Eagle,1258,14,Education,Research,25384.3,273234,,,US/Eastern,Yes,Yes,Yes,Yes,,,,,,,,,,,,,,,,,
Eagle_education_Wesley,Eagle,1259,14,Education,Classroom,6604.3,71088,,,US/Eastern,Yes,Yes,Yes,Yes,,,,,,,,,,,,,,,,,
Eagle_office_Donovan,Eagle,1260,14,Office,Office,8031.9,86455,,,US/Eastern,Yes,Yes,Yes,,,,,,,,,,,,,,,,,,
Eagle_office_Flossie,Eagle,1261,14,Office,Office,3989.4,42942,,,US/Eastern,Yes,,,,,,,,,,,,,,,,,,,,
Eagle_office_Randolph,Eagle,1262,14,Office,Office,6038.7,65000,,,US/Eastern,Yes,Yes,Yes,,,,,,,,,,,,,,,,,,
Eagle_education_Norah,Eagle,1263,14,Education,Research,9089.4,97838,,,US/Eastern,Yes,,Yes,Yes,,,,,,,,,,,,,,,,,
Eagle_education_Cassie,Eagle,1264,14,Education,Research,3066.9,33012,,,US/Eastern,Yes,Yes,Yes,Yes,,,,,,,,,,,,,,,,,
Eagle_food_Jennifer,Eagle,1265,14,Food sales and service,Dining,3307.8,35605,,,US/Eastern,Yes,Yes,Yes,,,,,,,,,,,,,,,,,,
Eagle_public_Henry,Eagle,1266,14,Public services,Public Service,1251.3,13469,,,US/Eastern,Yes,Yes,Yes,,,,,,,,,,,,,,,,,,
Eagle_education_Lino,Eagle,1267,14,Education,Classroom,12911.4,138977,,,US/Eastern,Yes,Yes,Yes,,,,,,,,,,,,,,,,,,
Eagle_office_Efrain,Eagle,1268,14,Office,Office,3995.5,43007,,,US/Eastern,Yes,Yes,Yes,,,,,,,,,,,,,,,,,,
Eagle_health_Amy,Eagle,1269,14,Healthcare,Support,5238.6,56388,,,US/Eastern,Yes,Yes,Yes,,,,,,,,,,,,,,,,,,
Eagle_assembly_Estelle,Eagle,1270,14,Entertainment/public assembly,Athletic,1723.4,18551,,,US/Eastern,Yes,Yes,Yes,,,,,,,,,,,,,,,,,,
Eagle_public_Missy,Eagle,1271,14,Public services,Public Service,1908.2,20540,,,US/Eastern,Yes,Yes,Yes,,,,,,,,,,,,,,,,,,
Eagle_public_Pearle,Eagle,1272,14,Public services,Library,22990.8,247471,,,US/Eastern,Yes,Yes,Yes,,,,,,,,,,,,,,,,,,
Eagle_office_Demetra,Eagle,1273,14,Office,Office,9670.2,104089,,,US/Eastern,Yes,Yes,Yes,,,,,,,,,,,,,,,,,,
Eagle_office_Jeff,Eagle,1274,14,Office,Office,1586.5,17077,,,US/Eastern,Yes,Yes,Yes,,,,,,,,,,,,,,,,,,
Eagle_office_Damian,Eagle,1275,14,Office,Office,10606.4,114166,,,US/Eastern,Yes,Yes,Yes,,,,,,,,,,,,,,,,,,
Eagle_office_Elias,Eagle,1276,14,Office,Office,5003.8,53860,,,US/Eastern,Yes,Yes,Yes,,,,,,,,,,,,,,,,,,
Eagle_office_Katheleen,Eagle,1277,14,Office,Office,4202.9,45240,,,US/Eastern,Yes,,,,,,,,,,,,,,,,,,,,
Eagle_education_Edith,Eagle,1278,14,Education,Classroom,7427.5,79949,,,US/Eastern,Yes,,,,,,,,,,,,,,,,,,,,
Eagle_office_Elia,Eagle,1279,14,Office,Office,6014.8,64743,,,US/Eastern,Yes,,,,,,,,,,,,,,,,,,,,
Eagle_lodging_Terri,Eagle,1280,14,Lodging/residential,Housing,7422.9,79900,,,US/Eastern,Yes,,Yes,,,,,,,,,,,,,,,,,,
Eagle_office_Amie,Eagle,1281,14,Office,Office,9581.8,103138,,,US/Eastern,Yes,,,,,,,,,,,,,,,,,,,,
Eagle_health_Lucinda,Eagle,1282,14,Healthcare,Support,1161.3,12500,,,US/Eastern,Yes,,,,,,,,,,,,,,,,,,,,
Eagle_public_Alvin,Eagle,1283,14,Public services,Library,7110.5,76537,,,US/Eastern,Yes,,Yes,Yes,,,,,,,,,,,,,,,,,
Eagle_education_Peter,Eagle,1284,14,Education,Research,41103.8,442438,,,US/Eastern,Yes,,Yes,Yes,,,,,,,,,,,,,,,,,
Eagle_health_Reuben,Eagle,1285,14,Healthcare,Patient Care,12083.6,130067,,,US/Eastern,Yes,,Yes,Yes,,,,,,,,,,,,,,,,,
Eagle_health_Reba,Eagle,1286,14,Healthcare,Patient Care,19089,205472,,,US/Eastern,Yes,Yes,Yes,Yes,,,,,,,,,,,,,,,,,
Eagle_education_Teresa,Eagle,1287,14,Education,Research,5628.2,60582,,,US/Eastern,Yes,,Yes,Yes,,,,,,,,,,,,,,,,,
Eagle_education_Raul,Eagle,1288,14,Education,Research,15255.2,164206,,,US/Eastern,Yes,,Yes,Yes,,,,,,,,,,,,,,,,,
Eagle_education_Sherrill,Eagle,1289,14,Education,Research,18064.2,194441,,,US/Eastern,Yes,,Yes,Yes,,,,,,,,,,,,,,,,,
Eagle_education_Roman,Eagle,1290,14,Education,Research,18621.7,200442,,,US/Eastern,Yes,,Yes,Yes,,,,,,,,,,,,,,,,,
Eagle_office_Chauncey,Eagle,1291,14,Office,Office,22068.7,237546,,,US/Eastern,Yes,,Yes,Yes,,,,,,,,,,,,,,,,,
Eagle_office_Norbert,Eagle,1292,14,Office,Office,5406.6,58196,,,US/Eastern,Yes,,Yes,Yes,,,,,,,,,,,,,,,,,
Eagle_office_Remedios,Eagle,1293,14,Office,Office,4781.8,51471,,,US/Eastern,Yes,Yes,Yes,Yes,,,,,,,,,,,,,,,,,
Eagle_office_Lamont,Eagle,1294,14,Office,Office,1453.8,15649,,,US/Eastern,Yes,Yes,Yes,Yes,,,,,,,,,,,,,,,,,
Eagle_office_Nereida,Eagle,1295,14,Office,Office,10746.6,115676,,,US/Eastern,Yes,Yes,Yes,Yes,,,,,,,,,,,,,,,,,
Eagle_office_Mandi,Eagle,1296,14,Office,Office,820.9,8836,,,US/Eastern,Yes,Yes,Yes,Yes,,,,,,,,,,,,,,,,,
Eagle_office_Phyllis,Eagle,1297,14,Office,Office,1994.5,21469,,,US/Eastern,Yes,Yes,Yes,Yes,,,,,,,,,,,,,,,,,
Eagle_education_Alberto,Eagle,1298,14,Education,Research,15894.2,171084,,,US/Eastern,Yes,Yes,Yes,Yes,,,,,,,,,,,,,,,,,
Eagle_education_Shana,Eagle,1299,14,Education,Research,2359.8,25401,,,US/Eastern,Yes,,Yes,Yes,,,,,,,,,,,,,,,,,
Eagle_health_Margo,Eagle,1300,14,Healthcare,Patient Care,2379.2,25609,,,US/Eastern,Yes,Yes,Yes,,,,,,,,,,,,,,,,,,
Eagle_education_Will,Eagle,1301,14,Education,Research,5782.5,62242,,,US/Eastern,Yes,Yes,Yes,Yes,,,,,,,,,,,,,,,,,
Eagle_office_Marisela,Eagle,1302,14,Office,Office,8399.5,90411,,,US/Eastern,Yes,Yes,Yes,,,,,,,,,,,,,,,,,,
Eagle_health_Gregoria,Eagle,1303,14,Healthcare,Patient Care,18580.6,200000,,,US/Eastern,Yes,,Yes,Yes,,,,,,,,,,,,,,,,,
Eagle_office_Amanda,Eagle,1304,14,Office,Office,8487.9,91363,,,US/Eastern,Yes,,,,,,,,,,,,,,,,,,,,
Eagle_lodging_Garland,Eagle,,14,Lodging/residential,Housing,6700,72118,,,US/Eastern,Yes,,,,,,,,,,,,,,,,,,,,
Eagle_lodging_Blake,Eagle,1305,14,Lodging/residential,Housing,3512,37803,,,US/Eastern,Yes,Yes,Yes,Yes,,,,,,,,,,,,,,,,,
Eagle_lodging_Tressa,Eagle,1306,14,Lodging/residential,Housing,5032.7,54172,,,US/Eastern,Yes,,Yes,Yes,,,,,,,,,,,,,,,,,
Eagle_lodging_Casey,Eagle,1307,14,Lodging/residential,Housing,6132.8,66013,,,US/Eastern,Yes,,Yes,Yes,,,,,,,,,,,,,,,,,
Eagle_lodging_Dawn,Eagle,1308,14,Lodging/residential,Housing,5785.9,62279,,,US/Eastern,Yes,,Yes,Yes,,,,,,,,,,,,,,,,,
Eagle_lodging_Edgardo,Eagle,1309,14,Lodging/residential,Housing,5392.2,58041,,,US/Eastern,Yes,,Yes,Yes,,,,,,,,,,,,,,,,,
Eagle_lodging_Trina,Eagle,1310,14,Lodging/residential,Housing,5320.9,57274,,,US/Eastern,Yes,,Yes,Yes,,,,,,,,,,,,,,,,,
Eagle_lodging_Andy,Eagle,1311,14,Lodging/residential,Housing,6205.4,66794,,,US/Eastern,Yes,Yes,Yes,,,,,,,,,,,,,,,,,,
Eagle_lodging_Stephanie,Eagle,1312,14,Lodging/residential,Housing,6967.7,75000,,,US/Eastern,Yes,Yes,Yes,,,,,,,,,,,,,,,,,,
Eagle_health_Trisha,Eagle,1313,14,Healthcare,Patient Care,6376.6,68637,,,US/Eastern,Yes,,,,,,,,,,,,,,,,,,,,
Eagle_office_Joette,Eagle,,14,Office,Office,6414,69040,,,US/Eastern,Yes,,,,,,,,,,,,,,,,,,,,
Eagle_office_Michele,Eagle,,14,Office,Office,6737,72517,,,US/Eastern,Yes,,,,,,,,,,,,,,,,,,,,
Eagle_education_Brianne,Eagle,1314,14,Education,Research,6857.4,73813,,,US/Eastern,Yes,,,,,,,,,,,,,,,,,,,,
Eagle_assembly_Herbert,Eagle,1315,14,Entertainment/public assembly,Athletic,7691.3,82789,,,US/Eastern,Yes,,,Yes,,,,,,,,,,,,,,,,,
Eagle_assembly_Benny,Eagle,1316,14,Entertainment/public assembly,Athletic,4642.8,49975,,,US/Eastern,Yes,,,,,,,,,,,,,,,,,,,,
Eagle_assembly_Margret,Eagle,1317,14,Entertainment/public assembly,Athletic,16797.4,180806,,,US/Eastern,Yes,Yes,Yes,,,,,,,,,,,,,,,,,,
Eagle_assembly_Josie,Eagle,1318,14,Entertainment/public assembly,Athletic,6827.3,73488,,,US/Eastern,Yes,Yes,Yes,,,,,,,,,,,,,,,,,,
Eagle_assembly_Latrina,Eagle,1319,14,Entertainment/public assembly,Athletic,26702.1,287419,,,US/Eastern,Yes,Yes,Yes,,,,,,,,,,,,,,,,,,
Eagle_assembly_Noel,Eagle,,14,Entertainment/public assembly,Athletic,3972.1,42755,,,US/Eastern,Yes,,,,,,,,,,,,,,,,,,,,
Eagle_assembly_Portia,Eagle,1320,14,Entertainment/public assembly,Athletic,3211.2,34565,,,US/Eastern,Yes,,,,,,,,,,,,,,,,,,,,
Eagle_assembly_Ian,Eagle,1321,14,Entertainment/public assembly,Athletic,34376.3,370024,,,US/Eastern,Yes,Yes,Yes,,,,,,,,,,,,,,,,,,
Eagle_assembly_Lacy,Eagle,1322,14,Entertainment/public assembly,Athletic,15467.3,166489,,,US/Eastern,Yes,Yes,Yes,,,,,,,,,,,,,,,,,,
Eagle_office_Sonya,Eagle,1323,14,Office,Office,8101.1,87200,,,US/Eastern,Yes,Yes,Yes,,,,,,,,,,,,,,,,,,
Eagle_assembly_Candice,Eagle,1324,14,Entertainment/public assembly,Athletic,7867.8,84688,,,US/Eastern,Yes,Yes,Yes,,,,,,,,,,,,,,,,,,
Cockatoo_assembly_Ralph,Cockatoo,1325,15,Entertainment/public assembly,Gymnasium,14416.4,155177,42.45983685925793,-76.48529159,US/Eastern,Yes,Yes,,,,,,,Education,College/University,,1915,,,,,,,,,
Cockatoo_office_Rodney,Cockatoo,1326,15,Office,Office,4364.7,46981,42.45983685925793,-76.48529159,US/Eastern,Yes,,Yes,Yes,,,,,Education,College/University,,1962,,,,,,,,,
Cockatoo_education_Julio,Cockatoo,1327,15,Education,College Laboratory,9116.1,98125,42.45983685925793,-76.48529159,US/Eastern,Yes,,,Yes,,,,,Education,College/University,,2011,,,,,,,,,
Cockatoo_education_Brigitte,Cockatoo,1328,15,Education,College Laboratory,25998,279840,42.45983685925793,-76.48529159,US/Eastern,Yes,,Yes,,,,,,Education,College/University,,2008,,,,,,,,,
Cockatoo_science_Rex,Cockatoo,1329,15,Technology/science,Data Center,5583.5,60100,42.45983685925793,-76.48529159,US/Eastern,Yes,,Yes,Yes,,,,,Education,College/University,,1912,,,,,,,,,
Cockatoo_education_Noah,Cockatoo,1330,15,Education,College Laboratory,16163.5,173983,42.45983685925793,-76.48529159,US/Eastern,,,,Yes,,,,,Education,College/University,,1986,,,,,,,,,
Cockatoo_education_Orlando,Cockatoo,1331,15,Education,College Laboratory,15887.2,171008,42.45983685925793,-76.48529159,US/Eastern,Yes,Yes,Yes,Yes,,,,,Education,College/University,,1930,,,,,,,,,
Cockatoo_education_Laurence,Cockatoo,1332,15,Education,College Classroom,4403.4,47398,42.45983685925793,-76.48529159,US/Eastern,Yes,,Yes,Yes,,,,,Education,College/University,,1912,,,,,,,,,
Cockatoo_office_Gail,Cockatoo,1333,15,Office,Office,2909.4,31316,42.45983685925793,-76.48529159,US/Eastern,Yes,,Yes,,,,,,Education,College/University,,1913,,,,,,,,,
Cockatoo_office_Paige,Cockatoo,1334,15,Office,Office,12151.2,130794,42.45983685925793,-76.48529159,US/Eastern,Yes,,Yes,Yes,,,,,Education,College/University,,1933,,,,,,,,,
Cockatoo_public_Caleb,Cockatoo,1335,15,Public services,Library,12710.7,136817,42.45983685925793,-76.48529159,US/Eastern,Yes,,,,,,,,Education,College/University,,1953,,,,,,,,,
Cockatoo_office_Jodie,Cockatoo,1336,15,Office,Office,2884.9,31053,42.45983685925793,-76.48529159,US/Eastern,Yes,,Yes,Yes,,,,,Education,College/University,,1915,,,,,,,,,
Cockatoo_office_Jimmy,Cockatoo,1337,15,Office,Office,1369.8,14744,42.45983685925793,-76.48529159,US/Eastern,Yes,,Yes,Yes,,,,,Education,College/University,,1910,,,,,,,,,
Cockatoo_education_Jack,Cockatoo,1338,15,Education,College Classroom,2918.5,31415,42.45983685925793,-76.48529159,US/Eastern,Yes,,,Yes,,,,,Education,College/University,,1912,,,,,,,,,
Cockatoo_education_Erik,Cockatoo,1339,15,Education,College Classroom,13051.8,140488,42.45983685925793,-76.48529159,US/Eastern,Yes,,Yes,Yes,,,,,Education,College/University,,1961,,,,,,,,,
Cockatoo_industrial_Nathaniel,Cockatoo,1340,15,Manufacturing/industrial,Greenhouse,10360.4,111518,42.45983685925793,-76.48529159,US/Eastern,Yes,,,Yes,,,,,Education,College/University,,1968,,,,,,,,,
Cockatoo_education_Rita,Cockatoo,1341,15,Education,College Laboratory,1704,18342,42.45983685925793,-76.48529159,US/Eastern,Yes,,Yes,Yes,,,,,Education,College/University,,1960,,,,,,,,,
Cockatoo_education_Brendan,Cockatoo,1342,15,Education,College Laboratory,10856.1,116854,42.45983685925793,-76.48529159,US/Eastern,Yes,,Yes,Yes,,,,,Education,College/University,,1978,,,,,,,,,
Cockatoo_office_Laila,Cockatoo,1343,15,Office,Office,10254.6,110380,42.45983685925793,-76.48529159,US/Eastern,Yes,,Yes,Yes,,,,,Education,College/University,,1985,,,,,,,,,
Cockatoo_education_Lionel,Cockatoo,1344,15,Education,College Laboratory,11660,125507,42.45983685925793,-76.48529159,US/Eastern,Yes,,Yes,Yes,,,,,Education,College/University,,1974,,,,,,,,,
Cockatoo_education_Latrice,Cockatoo,1345,15,Education,College Laboratory,1940.7,20889,42.45983685925793,-76.48529159,US/Eastern,Yes,,Yes,Yes,,,,,Education,College/University,,1976,,,,,,,,,
Cockatoo_education_Melanie,Cockatoo,1346,15,Education,College Classroom,3240,34875,42.45983685925793,-76.48529159,US/Eastern,Yes,,,Yes,,,,,Education,College/University,,1993,,,,,,,,,
Cockatoo_education_Janet,Cockatoo,1347,15,Education,College Laboratory,29946.4,322341,42.45983685925793,-76.48529159,US/Eastern,Yes,,Yes,Yes,,,,,Education,College/University,,1995,,,,,,,,,
Cockatoo_education_Eunice,Cockatoo,1348,15,Education,College Laboratory,12195.5,131271,42.45983685925793,-76.48529159,US/Eastern,Yes,,Yes,Yes,,,,,Education,College/University,,2010,,,,,,,,,
Cockatoo_industrial_Elina,Cockatoo,1349,15,Manufacturing/industrial,Greenhouse,735.7,7919,42.45983685925793,-76.48529159,US/Eastern,,,Yes,,,,,,Education,College/University,,1970,,,,,,,,,
Cockatoo_education_Flora,Cockatoo,1350,15,Education,College Laboratory,13913.3,149762,42.45983685925793,-76.48529159,US/Eastern,Yes,,Yes,Yes,,,,,Education,College/University,,2004,,,,,,,,,
Cockatoo_office_Elbert,Cockatoo,1351,15,Office,Office,3772.9,40611,42.45983685925793,-76.48529159,US/Eastern,Yes,,Yes,Yes,,,,,Education,College/University,,,,,,,,,,,
Cockatoo_office_Alton,Cockatoo,1352,15,Office,Office,3972.1,42755,42.45983685925793,-76.48529159,US/Eastern,Yes,,Yes,Yes,,,,,Education,College/University,,,,,,,,,,,
Cockatoo_religion_Diedre,Cockatoo,1353,15,Religious worship,Religious building,2062.5,22201,42.45983685925793,-76.48529159,US/Eastern,Yes,,Yes,Yes,,,,,Education,College/University,,,,,,,,,,,
Cockatoo_education_Christi,Cockatoo,1354,15,Education,College Classroom,2158.3,23232,42.45983685925793,-76.48529159,US/Eastern,Yes,,Yes,Yes,,,,,Education,College/University,,,,,,,,,,,
Cockatoo_education_Minh,Cockatoo,1355,15,Education,College Classroom,4697.8,50567,42.45983685925793,-76.48529159,US/Eastern,Yes,,Yes,Yes,,,,,Education,College/University,,,,,,,,,,,
Cockatoo_education_Doreen,Cockatoo,1356,15,Education,College Classroom,8477.7,91253,42.45983685925793,-76.48529159,US/Eastern,Yes,,Yes,Yes,,,,,Education,College/University,,,,,,,,,,,
Cockatoo_office_Roxanna,Cockatoo,1357,15,Office,Office,2008.4,21618,42.45983685925793,-76.48529159,US/Eastern,Yes,,Yes,Yes,,,,,Education,College/University,,,,,,,,,,,
Cockatoo_lodging_Katharine,Cockatoo,1358,15,Lodging/residential,Dormitory,5707.9,61439,42.45983685925793,-76.48529159,US/Eastern,Yes,,Yes,Yes,,,,,Education,College/University,,1903,,,,,,,,,
Cockatoo_education_Mayra,Cockatoo,1359,15,Education,College Classroom,11546.8,124289,42.45983685925793,-76.48529159,US/Eastern,Yes,,Yes,Yes,,,,,Education,College/University,,1904,,,,,,,,,
Cockatoo_assembly_Heath,Cockatoo,1360,15,Entertainment/public assembly,Theater,10361.5,111530,42.45983685925793,-76.48529159,US/Eastern,Yes,,,Yes,,,,,Education,College/University,,1988,,,,,,,,,
Cockatoo_education_Charity,Cockatoo,1361,15,Education,College Laboratory,21726.6,233863,42.45983685925793,-76.48529159,US/Eastern,Yes,,Yes,Yes,,,,,Education,College/University,,1921,,,,,,,,,
Cockatoo_education_Jon,Cockatoo,1362,15,Education,Student Union,10589.8,113988,42.45983685925793,-76.48529159,US/Eastern,Yes,,Yes,,,,,,Education,College/University,,1923,,,,,,,,,
Cockatoo_office_Georgia,Cockatoo,1363,15,Office,Office,14672.4,157933,42.45983685925793,-76.48529159,US/Eastern,Yes,,Yes,Yes,,,,,Education,College/University,,1932,,,,,,,,,
Cockatoo_utility_Sherri,Cockatoo,1364,15,Utility,Services Plant,6960.5,74922,42.45983685925793,-76.48529159,US/Eastern,Yes,,,Yes,,,,,Education,College/University,,1940,,,,,,,,,
Cockatoo_lodging_Homer,Cockatoo,1365,15,Lodging/residential,Dormitory,12046.2,129664,42.45983685925793,-76.48529159,US/Eastern,Yes,,,,,,,,Education,College/University,,1941,,,,,,,,,
Cockatoo_office_Pansy,Cockatoo,1366,15,Office,Office,8173.3,87977,42.45983685925793,-76.48529159,US/Eastern,Yes,,Yes,Yes,,,,,Education,College/University,,1947,,,,,,,,,
Cockatoo_education_Helene,Cockatoo,1367,15,Education,College Classroom,3130.4,33695,42.45983685925793,-76.48529159,US/Eastern,Yes,,Yes,Yes,,,,,Education,College/University,,1948,,,,,,,,,
Cockatoo_assembly_Doyle,Cockatoo,1368,15,Entertainment/public assembly,Gymnasium,18491.1,199037,42.45983685925793,-76.48529159,US/Eastern,Yes,,Yes,,,,,,Education,College/University,,1949,,,,,,,,,
Cockatoo_assembly_Pierre,Cockatoo,1369,15,Entertainment/public assembly,Conference Center,4941.9,53194,42.45983685925793,-76.48529159,US/Eastern,Yes,,,Yes,,,,,Education,College/University,,1953,,,,,,,,,
Cockatoo_education_Maynard,Cockatoo,1370,15,Education,Student Union,443.4,4773,42.45983685925793,-76.48529159,US/Eastern,Yes,,Yes,Yes,,,,,Education,College/University,,,,,,,,,,,
Cockatoo_public_Harland,Cockatoo,1371,15,Public services,Library,4698.8,50577,42.45983685925793,-76.48529159,US/Eastern,Yes,,,,,,,,Education,College/University,,1956,,,,,,,,,
Cockatoo_education_Priscilla,Cockatoo,1372,15,Education,College Laboratory,1513.3,16289,42.45983685925793,-76.48529159,US/Eastern,,,Yes,,,,,,Education,College/University,,1957,,,,,,,,,
Cockatoo_education_Evangeline,Cockatoo,1373,15,Education,College Classroom,9795.1,105434,42.45983685925793,-76.48529159,US/Eastern,Yes,,Yes,Yes,,,,,Education,College/University,,2014,,,,,,,,,
Cockatoo_office_Nola,Cockatoo,1374,15,Office,Office,14833.1,159662,42.45983685925793,-76.48529159,US/Eastern,,,Yes,,,,,,Education,College/University,,1956,,,,,,,,,
Cockatoo_office_Giovanni,Cockatoo,1375,15,Office,Office,10710.6,115288,42.45983685925793,-76.48529159,US/Eastern,Yes,,Yes,Yes,,,,,Education,College/University,,1957,,,,,,,,,
Cockatoo_public_Leah,Cockatoo,1376,15,Public services,Library,22299.1,240026,42.45983685925793,-76.48529159,US/Eastern,Yes,,Yes,Yes,,,,,Education,College/University,,1960,,,,,,,,,
Cockatoo_education_Nelda,Cockatoo,1377,15,Education,College Laboratory,6930.5,74599,42.45983685925793,-76.48529159,US/Eastern,Yes,,Yes,Yes,,,,,Education,College/University,,1984,,,,,,,,,
Cockatoo_education_Tyler,Cockatoo,1378,15,Education,College Laboratory,19928.2,214505,42.45983685925793,-76.48529159,US/Eastern,Yes,,,Yes,,,,,Education,College/University,,1990,,,,,,,,,
Cockatoo_office_Kristin,Cockatoo,1379,15,Office,Office,4603.6,49553,42.45983685925793,-76.48529159,US/Eastern,Yes,,Yes,Yes,,,,,Education,College/University,,1963,,,,,,,,,
Cockatoo_education_Terrence,Cockatoo,1380,15,Education,College Laboratory,18954.9,204029,42.45983685925793,-76.48529159,US/Eastern,Yes,,Yes,,,,,,Education,College/University,,2010,,,,,,,,,
Cockatoo_office_Delores,Cockatoo,1381,15,Office,Office,7861,84615,42.45983685925793,-76.48529159,US/Eastern,Yes,,Yes,Yes,,,,,Education,College/University,,1963,,,,,,,,,
Cockatoo_public_Valerie,Cockatoo,1382,15,Public services,Library,22582.1,243072,42.45983685925793,-76.48529159,US/Eastern,Yes,,Yes,Yes,,,,,Education,College/University,,1965,,,,,,,,,
Cockatoo_education_June,Cockatoo,1383,15,Education,College Laboratory,9811.7,105612,42.45983685925793,-76.48529159,US/Eastern,Yes,,Yes,Yes,,,,,Education,College/University,,1967,,,,,,,,,
Cockatoo_education_Clifton,Cockatoo,1384,15,Education,College Classroom,5292.6,56969,42.45983685925793,-76.48529159,US/Eastern,Yes,,Yes,Yes,,,,,Education,College/University,,1967,,,,,,,,,
Cockatoo_education_Ernesto,Cockatoo,1385,15,Education,College Laboratory,11568.4,124521,42.45983685925793,-76.48529159,US/Eastern,,,,Yes,,,,,Education,College/University,,1967,,,,,,,,,
Cockatoo_assembly_Rodger,Cockatoo,1386,15,Entertainment/public assembly,Museum,7621.3,82035,42.45983685925793,-76.48529159,US/Eastern,Yes,,Yes,Yes,,,,,Education,College/University,,1975,,,,,,,,,
Cockatoo_office_Christy,Cockatoo,1387,15,Office,Office,17376.7,187041,42.45983685925793,-76.48529159,US/Eastern,Yes,,,Yes,,,,,Education,College/University,,1973,,,,,,,,,
Cockatoo_health_Ashlie,Cockatoo,1388,15,Healthcare,Hospital,4223.8,45465,42.45983685925793,-76.48529159,US/Eastern,,,Yes,,,,,,Education,College/University,,1990,,,,,,,,,
Cockatoo_assembly_Tabitha,Cockatoo,1389,15,Entertainment/public assembly,Fitness Center,1589,17104,42.45983685925793,-76.48529159,US/Eastern,Yes,,Yes,,,,,,Education,College/University,,1953,,,,,,,,,
Cockatoo_assembly_Meredith,Cockatoo,1390,15,Entertainment/public assembly,Fitness Center,8696.5,93608,42.45983685925793,-76.48529159,US/Eastern,Yes,,Yes,Yes,,,,,Education,College/University,,1951,,,,,,,,,
Cockatoo_assembly_Emilio,Cockatoo,1391,15,Entertainment/public assembly,Ice arena,6381.8,68693,42.45983685925793,-76.48529159,US/Eastern,Yes,,Yes,Yes,,,,,Education,College/University,,1956,,,,,,,,,
Cockatoo_assembly_Fernanda,Cockatoo,1392,15,Entertainment/public assembly,Fitness Center,7074.8,76153,42.45983685925793,-76.48529159,US/Eastern,Yes,,,Yes,,,,,Education,College/University,,1963,,,,,,,,,
Cockatoo_assembly_Valencia,Cockatoo,1393,15,Entertainment/public assembly,Gymnasium,14112,151900,42.45983685925793,-76.48529159,US/Eastern,Yes,,,,,,,,Education,College/University,,1990,,,,,,,,,
Cockatoo_assembly_Genoveva,Cockatoo,1394,15,Entertainment/public assembly,Gymnasium,1519.1,16351,42.45983685925793,-76.48529159,US/Eastern,Yes,,Yes,Yes,,,,,Education,College/University,,2002,,,,,,,,,
Cockatoo_lodging_Albert,Cockatoo,1395,15,Lodging/residential,Dormitory,9162.5,98624,42.45983685925793,-76.48529159,US/Eastern,Yes,,Yes,Yes,,,,,Education,College/University,,,,,,,,,,,
Cockatoo_lodging_Kerri,Cockatoo,1396,15,Lodging/residential,Dormitory,8949.9,96336,42.45983685925793,-76.48529159,US/Eastern,Yes,,Yes,Yes,,,,,Education,College/University,,1913,,,,,,,,,
Cockatoo_lodging_Fritz,Cockatoo,1397,15,Lodging/residential,Dormitory,1856.6,19984,42.45983685925793,-76.48529159,US/Eastern,,,Yes,Yes,,,,,Education,College/University,,1914,,,,,,,,,
Cockatoo_lodging_Ana,Cockatoo,1398,15,Lodging/residential,Dormitory,1885.1,20291,42.45983685925793,-76.48529159,US/Eastern,Yes,,Yes,Yes,,,,,Education,College/University,,1925,,,,,,,,,
Cockatoo_lodging_Cletus,Cockatoo,1399,15,Lodging/residential,Dormitory,15497.5,166814,42.45983685925793,-76.48529159,US/Eastern,Yes,,Yes,Yes,,,,,Education,College/University,,1929,,,,,,,,,
Cockatoo_lodging_Aimee,Cockatoo,1400,15,Lodging/residential,Dormitory,1966.6,21168,42.45983685925793,-76.48529159,US/Eastern,Yes,,Yes,Yes,,,,,Education,College/University,,1928,,,,,,,,,
Cockatoo_lodging_Emory,Cockatoo,1401,15,Lodging/residential,Dormitory,15681.2,168791,42.45983685925793,-76.48529159,US/Eastern,Yes,,Yes,,,,,,Education,College/University,,1946,,,,,,,,,
Cockatoo_lodging_Javier,Cockatoo,1402,15,Lodging/residential,Dormitory,12411.3,133594,42.45983685925793,-76.48529159,US/Eastern,Yes,,,Yes,,,,,Education,College/University,,1961,,,,,,,,,
Cockatoo_lodging_Josephine,Cockatoo,1403,15,Lodging/residential,Dormitory,7287.1,78438,42.45983685925793,-76.48529159,US/Eastern,Yes,,,,,,,,Education,College/University,,2004,,,,,,,,,
Cockatoo_lodging_Tessie,Cockatoo,1404,15,Lodging/residential,Dormitory,15727.5,169290,42.45983685925793,-76.48529159,US/Eastern,Yes,,Yes,Yes,,,,,Education,College/University,,2006,,,,,,,,,
Cockatoo_lodging_Kyle,Cockatoo,1405,15,Lodging/residential,Dormitory,13275.9,142901,42.45983685925793,-76.48529159,US/Eastern,Yes,,Yes,Yes,,,,,Education,College/University,,2007,,,,,,,,,
Cockatoo_lodging_Lynne,Cockatoo,1406,15,Lodging/residential,Dormitory,12683.3,136522,42.45983685925793,-76.48529159,US/Eastern,Yes,,Yes,Yes,,,,,Education,College/University,,2005,,,,,,,,,
Cockatoo_lodging_Raphael,Cockatoo,1407,15,Lodging/residential,Dormitory,7724,83141,42.45983685925793,-76.48529159,US/Eastern,Yes,,Yes,,,,,,Education,College/University,,2006,,,,,,,,,
Cockatoo_assembly_Griselda,Cockatoo,1408,15,Entertainment/public assembly,Community Center,2671.9,28760,42.45983685925793,-76.48529159,US/Eastern,Yes,,Yes,Yes,,,,,Education,College/University,,2007,,,,,,,,,
Cockatoo_lodging_Lana,Cockatoo,1409,15,Lodging/residential,Dormitory,4541.2,48881,42.45983685925793,-76.48529159,US/Eastern,Yes,,Yes,Yes,,,,,Education,College/University,,1902,,,,,,,,,
Cockatoo_office_Lorraine,Cockatoo,1410,15,Office,Office,1070.6,11524,42.45983685925793,-76.48529159,US/Eastern,Yes,,Yes,,,,,,Education,College/University,,1994,,,,,,,,,
Cockatoo_education_Magdalena,Cockatoo,1411,15,Education,College Classroom,846.4,9111,42.45983685925793,-76.48529159,US/Eastern,Yes,,Yes,,,,,,Education,College/University,,1958,,,,,,,,,
Cockatoo_lodging_Alicia,Cockatoo,1412,15,Lodging/residential,Dormitory,3673.2,39538,42.45983685925793,-76.48529159,US/Eastern,Yes,,Yes,Yes,,,,,Education,College/University,,1953,,,,,,,,,
Cockatoo_lodging_Jim,Cockatoo,1413,15,Lodging/residential,Dormitory,6131.5,65999,42.45983685925793,-76.48529159,US/Eastern,Yes,,Yes,Yes,,,,,Education,College/University,,1975,,,,,,,,,
Cockatoo_lodging_Jarrod,Cockatoo,1414,15,Lodging/residential,Dormitory,6100.3,65663,42.45983685925793,-76.48529159,US/Eastern,Yes,,Yes,Yes,,,,,Education,College/University,,1975,,,,,,,,,
Cockatoo_lodging_Carmen,Cockatoo,1415,15,Lodging/residential,Dormitory,3761.8,40492,42.45983685925793,-76.48529159,US/Eastern,Yes,,,,,,,,Education,College/University,,1975,,,,,,,,,
Cockatoo_lodging_Eric,Cockatoo,1416,15,Lodging/residential,Dormitory,3830.9,41236,42.45983685925793,-76.48529159,US/Eastern,Yes,,,Yes,,,,,Education,College/University,,1975,,,,,,,,,
Cockatoo_lodging_Olga,Cockatoo,1417,15,Lodging/residential,Dormitory,3758,40451,42.45983685925793,-76.48529159,US/Eastern,Yes,,,Yes,,,,,Education,College/University,,1975,,,,,,,,,
Cockatoo_lodging_Linwood,Cockatoo,1418,15,Lodging/residential,Dormitory,3837.1,41302,42.45983685925793,-76.48529159,US/Eastern,Yes,,,Yes,,,,,Education,College/University,,1975,,,,,,,,,
Cockatoo_lodging_Johnathan,Cockatoo,1419,15,Lodging/residential,Dormitory,3774.6,40629,42.45983685925793,-76.48529159,US/Eastern,Yes,,,Yes,,,,,Education,College/University,,1975,,,,,,,,,
Cockatoo_assembly_Ed,Cockatoo,1420,15,Entertainment/public assembly,Community Center,8833.1,95079,42.45983685925793,-76.48529159,US/Eastern,Yes,,,Yes,,,,,Education,College/University,,1975,,,,,,,,,
Cockatoo_education_Shawn,Cockatoo,1421,15,Education,College Classroom,4453.2,47934,42.45983685925793,-76.48529159,US/Eastern,Yes,,,Yes,,,,,Education,College/University,,,,,,,,,,,
Cockatoo_lodging_Judi,Cockatoo,1422,15,Lodging/residential,Dormitory,1846.5,19876,42.45983685925793,-76.48529159,US/Eastern,Yes,,,,,,,,Education,College/University,,1932,,,,,,,,,
Cockatoo_lodging_Mandy,Cockatoo,1423,15,Lodging/residential,Dormitory,1698,18277,42.45983685925793,-76.48529159,US/Eastern,Yes,,,,,,,,Education,College/University,,1965,,,,,,,,,
Cockatoo_lodging_Tesha,Cockatoo,1424,15,Lodging/residential,Dormitory,2239.2,24103,42.45983685925793,-76.48529159,US/Eastern,Yes,,,Yes,,,,,Education,College/University,,1964,,,,,,,,,
Cockatoo_utility_Kimiko,Cockatoo,1425,15,Utility,Services Plant,378.2,4071,42.45983685925793,-76.48529159,US/Eastern,Yes,,,Yes,,,,,Education,College/University,,1990,,,,,,,,,
Cockatoo_assembly_Britt,Cockatoo,1426,15,Entertainment/public assembly,Sports Stadium,1435.4,15450,42.45983685925793,-76.48529159,US/Eastern,Yes,,,Yes,,,,,Education,College/University,,1948,,,,,,,,,
Cockatoo_education_Oliver,Cockatoo,1427,15,Education,College Classroom,16780.6,180625,42.45983685925793,-76.48529159,US/Eastern,Yes,,,Yes,,,,,Education,College/University,,1933,,,,,,,,,
Cockatoo_education_Amira,Cockatoo,1428,15,Education,College Laboratory,2641.4,28432,42.45983685925793,-76.48529159,US/Eastern,Yes,,,,,,,,Education,College/University,,1933,,,,,,,,,
Cockatoo_education_Julia,Cockatoo,1429,15,Education,College Classroom,3758.9,40461,42.45983685925793,-76.48529159,US/Eastern,Yes,,,,,,,,Education,College/University,,2002,,,,,,,,,
Cockatoo_office_Ada,Cockatoo,1430,15,Office,Office,4952,53303,42.45983685925793,-76.48529159,US/Eastern,Yes,,,Yes,,,,,Education,College/University,,1981,,,,,,,,,
Cockatoo_public_Shad,Cockatoo,1431,15,Public services,Library,10345.7,111360,42.45983685925793,-76.48529159,US/Eastern,Yes,,,Yes,,,,,Education,College/University,,2000,,,,,,,,,
Cockatoo_education_Sheryl,Cockatoo,1432,15,Education,College Laboratory,14927,160673,42.45983685925793,-76.48529159,US/Eastern,Yes,,,Yes,,,,,Education,College/University,,1968,,,,,,,,,
Cockatoo_education_Claudine,Cockatoo,1433,15,Education,College Laboratory,2609.1,28084,42.45983685925793,-76.48529159,US/Eastern,Yes,,,Yes,,,,,Education,College/University,,1913,,,,,,,,,
Cockatoo_education_Deloris,Cockatoo,1434,15,Education,College Laboratory,3079.5,33148,42.45983685925793,-76.48529159,US/Eastern,Yes,,,Yes,,,,,Education,College/University,,1967,,,,,,,,,
Cockatoo_education_Joel,Cockatoo,1435,15,Education,College Laboratory,887.4,9552,42.45983685925793,-76.48529159,US/Eastern,Yes,,,Yes,,,,,Education,College/University,,1961,,,,,,,,,
Cockatoo_industrial_Sarita,Cockatoo,1436,15,Manufacturing/industrial,Greenhouse,1050,11302,42.45983685925793,-76.48529159,US/Eastern,Yes,,,Yes,,,,,Education,College/University,,1937,,,,,,,,,
Cockatoo_education_Joeann,Cockatoo,1437,15,Education,College Laboratory,10360.4,111518,42.45983685925793,-76.48529159,US/Eastern,Yes,,,Yes,,,,,Education,College/University,,1968,,,,,,,,,
Cockatoo_education_Marva,Cockatoo,1438,15,Education,College Classroom,10123.7,108971,42.45983685925793,-76.48529159,US/Eastern,Yes,,,Yes,,,,,Education,College/University,,1990,,,,,,,,,
Cockatoo_education_Collin,Cockatoo,1439,15,Education,College Laboratory,5248.7,56497,42.45983685925793,-76.48529159,US/Eastern,Yes,,,,,,,,Education,College/University,,1957,,,,,,,,,
Cockatoo_lodging_Elvia,Cockatoo,1440,15,Lodging/residential,Hotel,13962.8,150294,42.45983685925793,-76.48529159,US/Eastern,Yes,,,Yes,,,,,Education,College/University,,1987,,,,,,,,,
Cockatoo_education_Gussie,Cockatoo,1441,15,Education,College Laboratory,2800.4,30143,42.45983685925793,-76.48529159,US/Eastern,Yes,,,Yes,,,,,Education,College/University,,1951,,,,,,,,,
Cockatoo_public_Chiquita,Cockatoo,1442,15,Public services,Library,9247.7,99541,42.45983685925793,-76.48529159,US/Eastern,Yes,,,Yes,,,,,Education,College/University,,1993,,,,,,,,,
Cockatoo_education_Arlen,Cockatoo,1443,15,Education,College Classroom,3745,40311,42.45983685925793,-76.48529159,US/Eastern,Yes,,,,,,,,Education,College/University,,1913,,,,,,,,,
Cockatoo_assembly_Evelyn,Cockatoo,1444,15,Entertainment/public assembly,Sports Stadium,1822.7,19619,42.45983685925793,-76.48529159,US/Eastern,Yes,,,,,,,,Education,College/University,,1914,,,,,,,,,
Cockatoo_education_Victoria,Cockatoo,1445,15,Education,College Classroom,399.3,4298,42.45983685925793,-76.48529159,US/Eastern,Yes,,,,,,,,Education,College/University,,,,,,,,,,,
Cockatoo_assembly_Mimi,Cockatoo,1446,15,Entertainment/public assembly,Gymnasium,1046.6,11265,42.45983685925793,-76.48529159,US/Eastern,Yes,,,,,,,,Education,College/University,,1997,,,,,,,,,
Cockatoo_lodging_Jimmie,Cockatoo,1447,15,Lodging/residential,Dormitory,2766.2,29775,42.45983685925793,-76.48529159,US/Eastern,Yes,,,,,,,,Education,College/University,,2001,,,,,,,,,
Cockatoo_office_Margaret,Cockatoo,1448,15,Office,Office,8572.3,92271,42.45983685925793,-76.48529159,US/Eastern,Yes,,,,,,,,Education,College/University,,2001,,,,,,,,,
Mouse_health_Modesto,Mouse,,,Healthcare,Hospital,17993,193675,51.52193899999999,-0.120069,Europe/London,Yes,,,,,,,,Healthcare,Hospital,District Heating,1994,,7,,,,,,,F
Mouse_health_Justin,Mouse,,,Healthcare,Hospital,17735,190898,51.52193899999999,-0.120069,Europe/London,Yes,,,,,,,,Healthcare,Hospital,District Heating,2012,,10,,,,,,,F
Mouse_health_Estela,Mouse,,,Healthcare,Hospital,17193,185064,51.52193899999999,-0.120069,Europe/London,Yes,,,,,,,,Healthcare,Hospital,District Heating,1936,,10,,,,,,,F
Mouse_health_Ileana,Mouse,,,Healthcare,Hospital,5399,58114,51.52193899999999,-0.120069,Europe/London,Yes,,,,,,,,Healthcare,Hospital,District Heating,1954,,6,,,,,,,F
Mouse_health_Buddy,Mouse,,,Healthcare,Hospital,1749,18826,51.52193899999999,-0.120069,Europe/London,Yes,,,,,,,,Healthcare,Hospital,Boiler fed central heating,,,8,,,,,,,F
Mouse_lodging_Vicente,Mouse,,,Lodging/residential,Hotel,3489,37555,51.52193899999999,-0.120069,Europe/London,Yes,,,,,,,,Hospitality,Hotel,Gas Boilers,2006,,7,,,,,,,F
Mouse_science_Micheal,Mouse,,,Technology/science,Laboratory,5931,63841,51.52193899999999,-0.120069,Europe/London,Yes,,,,,,,,Healthcare,Laboratory,District Heating,1996,,7,,,,,,,F
